Alloy,Finish,Length_m,Weight_kg_m,Profile_Name,Tolerances,GD_T,Order_Quantity,LME_Price_EUR,Customer_Category,Lead_Time_weeks,Quote_Price_SEK,Quote_Date
Nickel,phosphated,19.4,1.266,Skruvkanal,0.175,high,155702,3.76,medium,8.0,1.98,2025-05-01
Titanium,plasma sprayed,34.7,1.729,Ändprofil,0.104,medium,107945,3.48,micro,7.0,2.83,2025-09-10
Copper,phosphated,35.0,1.415,Kantprofil,0.187,medium,133490,2.97,medium,11.0,2.37,2025-04-03
Titanium,phosphated,27.5,0.952,Z-profil,0.135,medium,132768,2.6,large,2.0,2.39,2025-09-13
Titanium,hot-dip galvanized,15.9,1.453,Ramlist,0.077,low,58805,2.74,small,2.0,3.69,2025-09-11
Aluminium,blackening,22.4,1.133,Karmlist,0.071,low,69013,3.54,large,9.0,3.51,2025-12-18
Copper,anodized,30.0,1.462,Täckprofil,0.136,low,86687,4.04,micro,5.0,3.2,2025-10-15
Copper,phosphated,38.4,0.901,Skarvprofil,0.164,medium,75469,2.88,medium,6.0,3.4,2025-11-05
Copper,electroplated,30.3,0.997,Korsprofil,0.167,medium,105582,3.72,micro,8.0,2.87,2025-02-28
Titanium,phosphated,21.7,1.617,Hörnvinkel,0.091,low,109811,3.93,small,9.0,2.79,2025-03-10
Nickel,phosphated,30.4,1.044,Karmlist,0.081,low,84042,3.38,micro,11.0,3.25,2025-03-27
Copper,phosphated,28.2,1.6,Korsprofil,0.053,medium,72822,3.61,medium,8.0,3.45,2025-10-01
Zinc,hot-dip galvanized,33.8,1.092,Korsprofil,0.152,high,113432,3.85,small,,2.73,2025-08-15
Titanium,blackening,18.2,1.423,Droppnäsa,0.061,low,151922,2.96,small,5.0,2.05,2025-03-22
Aluminium,hot-dip galvanized,33.3,1.469,Innerbåge,0.113,medium,151064,3.02,medium,11.0,2.06,2025-04-24
Nickel,Powder coated,28.3,1.304,Rörprofil,0.14,medium,135789,2.55,medium,2.0,2.33,2025-07-03
Zinc,hot-dip galvanized,38.0,1.115,Fönsterbåge,0.191,high,131697,4.08,medium,11.0,2.41,2025-10-07
Zinc,electroplated,23.6,1.031,Glaskil,0.097,medium,36180,4.01,micro,10.0,4.09,2025-11-18
Aluminium,electroplated,30.4,0.867,Spröjsprofil,0.087,medium,75754,3.77,large,4.0,3.39,2025-11-14
Nickel,hot-dip galvanized,37.3,1.114,Z-profil,0.148,low,88011,2.68,micro,4.0,3.18,2025-02-23
Titanium,blackening,18.1,1.432,Droppnäsa,0.143,low,75839,3.26,micro,11.0,3.39,2025-07-16
Iron,plasma sprayed,37.4,1.692,Hörnvinkel,0.1,high,141284,2.71,large,10.0,2.24,2025-10-20
Nickel,anodized,31.6,1.631,Stödprofil,0.189,high,100621,2.58,medium,11.0,2.95,2025-10-20
Aluminium,blackening,17.3,1.535,Täckprofil,0.177,medium,120285,3.53,medium,4.0,2.61,2025-10-18
Zinc,hot-dip galvanized,22.7,1.555,Vinkellist,0.084,low,47099,4.08,large,9.0,3.9,2025-06-29
Titanium,phosphated,32.1,1.443,Ytterram,0.086,high,146884,3.99,large,3.0,2.14,2025-08-10
Nickel,wet painted,17.3,1.074,Pärlspont,0.127,high,137143,3.66,micro,4.0,2.31,2025-10-01
Iron,anodized,29.2,1.663,Hakprofil,0.166,high,92402,2.7,small,3.0,3.1,2025-09-01
Iron,anodized,23.7,1.448,Distansprofil,0.057,medium,83026,2.99,large,2.0,3.27,2025-06-03
Copper,electroplated,30.1,1.348,Kantprofil,0.154,low,81084,3.06,micro,3.0,3.3,2025-10-31
Copper,anodized,16.8,0.938,Fönsterbåge,0.147,high,152664,3.76,small,9.0,2.03,2025-09-30
Aluminium,hot-dip galvanized,35.9,1.244,Karmlist,0.085,low,145334,3.83,medium,10.0,2.16,2025-05-15
Nickel,phosphated,38.3,1.257,Kantprofil,0.152,high,75633,3.16,medium,3.0,3.4,2025-11-09
Nickel,phosphated,38.1,1.625,Anslagslist,0.191,high,73128,3.21,micro,,3.44,2025-01-08
Zinc,Powder coated,33.1,1.335,U-profil,0.057,low,101826,2.62,micro,6.0,2.93,2025-05-08
Zinc,phosphated,18.7,1.184,Kantskydd,0.098,low,86662,3.01,large,4.0,3.2,2025-02-25
Zinc,blackening,33.3,1.727,Isolerprofil,0.116,low,86297,3.27,medium,10.0,3.21,2025-05-06
Copper,phosphated,16.3,0.938,Kopplingsprofil,0.185,medium,156273,2.74,micro,7.0,1.97,2025-06-08
Nickel,electroplated,16.2,1.222,Droppnäsa,0.194,high,82641,3.27,medium,12.0,3.27,2025-02-28
Nickel,phosphated,23.2,0.876,Ändprofil,0.117,medium,51373,3.91,medium,2.0,3.83,2025-02-27
Iron,Powder coated,27.0,1.511,Kopplingsprofil,0.163,low,134699,3.47,large,6.0,2.35,2025-05-20
Copper,wet painted,33.6,1.673,Doldbeslag,0.13,high,46849,2.68,small,8.0,3.91,2025-06-25
Titanium,hot-dip galvanized,31.5,1.092,Foglist,0.131,medium,116095,2.85,large,5.0,2.68,2025-04-18
Copper,electroplated,26.0,1.619,H-profil,0.092,high,89220,3.3,micro,9.0,3.16,2025-07-30
Titanium,blackening,22.1,1.103,H-profil,0.083,medium,117626,3.12,large,11.0,2.65,2025-03-15
Iron,wet painted,38.8,1.667,Fönsterbåge,0.093,low,107815,3.12,large,6.0,2.83,2025-06-16
Aluminium,electroplated,25.6,1.524,Fönsterbleck,0.133,medium,52616,3.39,medium,10.0,3.8,2025-12-23
Nickel,plasma sprayed,26.2,1.57,Foglist,0.054,high,58483,3.48,large,10.0,3.7,2025-10-31
Iron,anodized,19.5,0.854,Kantskydd,0.186,high,126160,3.82,micro,10.0,2.5,2025-08-21
Nickel,plasma sprayed,34.1,1.714,Glaskil,0.073,high,56924,3.09,small,2.0,3.73,2025-11-23
Zinc,phosphated,31.8,1.499,Kantskydd,0.083,high,94815,3.83,large,3.0,3.06,2025-07-01
Aluminium,wet painted,20.8,1.115,Skenprofil,0.128,low,136012,3.09,large,4.0,2.33,2025-05-02
Aluminium,phosphated,17.6,1.593,Kilspår,0.157,medium,118081,2.64,small,5.0,2.65,2025-11-30
Iron,anodized,31.5,1.094,F-profil,0.064,low,79005,3.43,micro,11.0,3.34,2025-07-22
Aluminium,electroplated,30.9,1.632,Glaskil,0.098,low,121626,3.48,micro,10.0,2.58,2025-01-29
Titanium,anodized,22.0,0.94,Droppnäsa,0.195,low,59056,4.04,large,11.0,3.69,2025-07-21
Aluminium,Powder coated,37.7,5.166144,Ventilationslister,0.089,high,92690,3.7,medium,7.0,3.1,2025-04-03
Nickel,anodized,19.2,1.33,Baslister,0.097,high,100669,4.01,large,2.0,2.95,2025-11-25
Nickel,Powder coated,25.7,0.925,Doldbeslag,0.175,high,103121,3.99,small,10.0,2.91,2025-12-22
Nickel,anodized,37.6,1.058,Distansprofil,0.058,medium,41889,3.51,small,7.0,3.99,2025-06-25
Nickel,hot-dip galvanized,25.4,0.849,Skenprofil,0.12,high,145312,3.39,small,5.0,2.16,2025-11-26
Titanium,Powder coated,30.5,1.264,Karmprofil,0.107,medium,46416,3.44,large,5.0,3.91,2025-07-30
Copper,wet painted,24.9,1.112,Dekorlist,0.097,high,105481,4.11,large,4.0,2.87,2025-07-03
Zinc,phosphated,22.1,1.382,Fönsterbåge,0.093,high,77086,3.78,micro,8.0,3.37,2025-04-05
Iron,blackening,38.5,1.108,Kantskydd,0.064,low,126986,2.72,medium,4.0,2.49,2025-09-30
Nickel,phosphated,25.2,1.11,Clipsprofil,0.097,low,156011,3.79,large,3.0,1.98,2025-05-17
Aluminium,plasma sprayed,36.4,1.514,Glashållare,0.056,low,108725,2.82,micro,11.0,2.81,2025-08-25
Nickel,phosphated,21.0,0.881,Anslagslist,0.167,medium,62586,3.26,large,9.0,3.63,2025-12-19
Aluminium,electroplated,20.7,1.66,Isolerprofil,0.11,medium,135381,2.88,micro,5.0,2.34,2025-09-22
Zinc,hot-dip galvanized,16.4,1.613,Kilspår,0.117,high,48294,3.65,micro,9.0,3.88,2025-05-15
Zinc,anodized,30.8,1.445,Täckprofil,0.184,medium,133339,3.94,medium,2.0,2.38,2025-05-24
Zinc,plasma sprayed,24.3,1.378,L-profil,0.149,high,144215,3.01,large,6.0,2.18,2025-01-19
Aluminium,electroplated,35.7,1.65,Karmprofil,0.051,medium,155261,2.68,micro,10.0,1.99,2025-08-19
Nickel,electroplated,26.7,5.166144,Ventilationslister,0.191,medium,122498,3.02,small,2.0,2.57,2025-05-14
Zinc,Powder coated,38.1,0.909,Hakprofilslist,0.086,medium,136972,3.62,small,12.0,2.31,2025-04-24
Titanium,phosphated,20.0,1.055,Ytterram,0.066,low,58939,3.07,small,5.0,3.69,2025-05-19
Aluminium,wet painted,35.8,1.561,Vinkellist,0.165,medium,49505,2.99,medium,7.0,3.86,2025-05-05
Aluminium,blackening,33.7,0.869,Isolerprofil,0.125,low,88977,2.84,micro,11.0,3.16,2025-07-23
Nickel,wet painted,33.6,1.368,Mittpost,0.115,low,65230,3.34,medium,9.0,3.58,2025-03-02
Aluminium,plasma sprayed,35.3,1.744,H-profil,0.087,medium,105613,2.99,large,4.0,2.87,2025-09-07
Aluminium,hot-dip galvanized,33.3,1.617,Foglist,0.132,high,126151,3.71,large,6.0,2.5,2025-10-25
Zinc,wet painted,30.2,1.312,Ytterram,0.091,high,145453,2.67,micro,,2.16,2025-01-13
Nickel,anodized,18.8,0.895,Innerbåge,0.185,high,124809,3.61,small,2.0,2.53,2025-09-12
Zinc,wet painted,16.5,1.594,Isolerprofil,0.082,medium,50616,2.93,micro,8.0,3.84,2025-03-26
Zinc,plasma sprayed,37.0,1.383,Doldbeslag,0.183,high,59604,3.33,micro,12.0,3.68,2025-01-20
Nickel,blackening,30.0,0.942,Glashållare,0.134,low,134139,3.0,micro,9.0,2.36,2025-02-19
Iron,wet painted,34.2,0.923,Glasningslist,0.174,high,128358,3.7,medium,9.0,2.46,2025-06-13
Zinc,anodized,26.9,1.666,Droppnäsa,0.157,medium,120176,4.05,large,10.0,2.61,2025-04-02
Titanium,Powder coated,18.4,1.447,Bottenlist,0.155,high,117666,4.01,micro,7.0,2.65,2025-03-29
Titanium,hot-dip galvanized,18.6,1.593,Vinkellist,0.099,low,45703,3.48,micro,7.0,3.93,2025-03-10
Aluminium,plasma sprayed,31.6,1.638,Baslister,0.085,medium,112352,3.29,micro,3.0,2.75,2025-02-06
Titanium,Powder coated,25.7,1.358,Clipsprofil,0.082,high,149778,3.85,medium,4.0,2.09,2025-09-10
Aluminium,Powder coated,20.4,1.309,Z-profil,0.179,medium,116927,3.64,medium,5.0,2.67,2025-09-09
Iron,Powder coated,27.1,1.229,L-profil,0.173,medium,105795,2.84,medium,5.0,2.86,2025-05-20
Nickel,electroplated,17.2,1.126,Karmprofil,0.116,medium,64232,3.86,micro,9.0,3.6,2025-12-21
Nickel,hot-dip galvanized,29.2,1.233,F-profil,0.07,high,128390,3.23,small,2.0,2.46,2025-06-17
Nickel,blackening,22.0,1.542,L-profil,0.107,medium,69001,2.85,small,11.0,3.51,2025-02-23
Titanium,phosphated,34.2,1.385,Karmlist,0.143,high,35685,3.0,small,5.0,4.1,2025-06-27
Iron,hot-dip galvanized,22.9,1.65,Doldbeslag,0.118,low,153624,2.98,large,12.0,2.02,2025-10-24
Titanium,electroplated,26.3,1.241,H-profil,0.167,high,131526,3.38,micro,12.0,2.41,2025-10-28
Titanium,phosphated,16.0,1.39,Kantskydd,0.2,low,89541,2.92,small,12.0,3.15,2025-12-25
Iron,hot-dip galvanized,17.4,1.412,Skarvprofil,0.079,high,42667,2.75,small,5.0,3.98,2025-04-16
Iron,Powder coated,24.8,1.376,Spröjsprofil,0.119,medium,97330,2.75,small,2.0,3.01,2025-05-17
Iron,plasma sprayed,26.8,1.477,Ytterram,0.115,high,78805,3.48,micro,4.0,3.34,2025-07-09
Iron,phosphated,29.6,1.053,Fönsterbleck,0.096,medium,156762,3.72,small,,1.96,2025-05-08
Nickel,anodized,22.5,1.304,Rörprofil,0.08,low,65632,3.06,small,7.0,3.57,2025-12-08
Copper,anodized,31.8,0.932,Ventilationslister,0.06,high,117478,2.61,micro,10.0,2.66,2025-02-16
Copper,wet painted,35.6,1.187,Kantskydd,0.183,medium,108625,2.75,large,10.0,2.81,2025-01-05
Iron,phosphated,33.8,1.281,Z-profil,0.113,low,67568,4.0,medium,10.0,3.54,2025-09-14
Copper,plasma sprayed,16.6,1.431,Tätningslist,0.125,low,118786,3.33,small,12.0,2.63,2025-10-27
Copper,blackening,26.8,1.703,Skarvprofil,0.188,high,57863,3.27,medium,2.0,3.71,2025-05-30
Iron,electroplated,18.2,1.384,Skenprofil,0.166,low,137485,2.61,large,10.0,2.3,2025-10-21
Copper,Powder coated,21.3,1.514,Ytterram,0.07,medium,68704,3.71,large,,3.52,2025-08-31
Titanium,wet painted,38.6,1.298,Mittpost,0.135,low,87482,3.39,small,3.0,3.19,2025-10-02
Aluminium,anodized,19.0,1.415,Ramlist,0.116,low,65291,2.87,micro,12.0,3.58,2025-07-27
Aluminium,electroplated,27.3,0.902,Z-profil,0.17,medium,136901,2.73,large,,2.31,2025-04-25
Iron,electroplated,30.0,1.069,Ändprofil,0.159,low,79963,3.16,medium,2.0,3.32,2025-07-14
Nickel,Powder coated,32.0,1.167,Sidoprofil,0.154,low,98186,3.88,medium,,3.0,2025-12-09
Iron,blackening,28.7,1.268,Skruvkanal,0.101,low,154302,3.93,medium,10.0,2.01,2025-06-19
Nickel,blackening,16.0,0.879,Spröjsprofil,0.171,low,116148,3.51,medium,8.0,2.68,2025-03-23
Aluminium,phosphated,23.3,0.965,Ytterram,0.058,medium,56427,3.71,large,6.0,3.74,2025-06-03
Iron,anodized,27.7,1.089,F-profil,0.074,low,89992,2.73,small,12.0,3.14,2025-05-21
Zinc,blackening,17.8,1.722,F-profil,0.1,medium,126689,3.49,small,3.0,2.49,2025-11-10
Titanium,plasma sprayed,23.8,1.139,Hakprofil,0.062,low,69800,3.61,medium,2.0,3.5,2025-05-26
Copper,blackening,16.5,1.276,Täckprofil,0.085,low,66085,2.87,small,3.0,3.57,2025-11-19
Nickel,electroplated,17.5,1.016,Spröjsprofil,0.175,low,116446,3.95,medium,2.0,2.67,2025-05-02
Zinc,Powder coated,24.9,1.394,Glasningslist,0.192,low,121426,2.86,medium,4.0,2.59,2025-09-09
Copper,plasma sprayed,18.8,1.093,Ytterram,0.096,medium,127279,3.05,micro,7.0,2.48,2025-12-09
Copper,phosphated,28.9,1.026,Kantskydd,0.09,medium,80297,3.54,large,9.0,3.31,2025-11-07
Iron,anodized,31.7,1.308,Karmlist,0.092,medium,39470,3.56,large,4.0,4.04,2025-03-30
Copper,phosphated,34.3,0.842,Hakprofilslist,0.092,high,45603,3.66,medium,11.0,3.93,2025-02-27
Titanium,electroplated,20.4,0.844,Hörnvinkel,0.055,low,104043,2.73,large,10.0,2.89,2025-03-04
Zinc,plasma sprayed,19.6,1.037,Rörprofil,0.189,low,110152,3.9,small,11.0,2.79,2025-12-13
Copper,plasma sprayed,18.1,0.871,Mittpost,0.082,medium,67487,3.4,medium,6.0,3.54,2025-11-04
Iron,plasma sprayed,30.5,0.936,Karmlist,0.113,high,97334,3.3,micro,8.0,3.01,2025-10-07
Titanium,electroplated,32.1,1.146,Rörprofil,0.051,low,104076,4.11,small,9.0,2.89,2025-03-13
Aluminium,electroplated,16.5,1.568,Hakprofilslist,0.179,medium,34193,3.73,micro,4.0,4.13,2025-01-09
Zinc,phosphated,37.4,1.358,Innerbåge,0.16,low,46053,2.74,micro,3.0,3.92,2025-04-04
Copper,wet painted,16.9,1.304,Ytterram,0.192,low,70390,3.75,large,3.0,3.49,2025-12-05
Iron,phosphated,28.3,1.105,Mittpost,0.167,medium,97222,2.7,large,6.0,3.01,2025-12-02
Aluminium,anodized,32.1,1.686,Innerbåge,0.097,medium,109068,2.59,medium,2.0,2.81,2025-06-01
Aluminium,Powder coated,35.9,1.199,Glaskil,0.087,low,91712,3.19,large,3.0,3.11,2025-12-22
Nickel,plasma sprayed,32.3,0.917,Hakprofilslist,0.155,low,154706,4.13,micro,10.0,2.0,2025-02-09
Titanium,wet painted,34.3,1.399,Skenprofil,0.105,medium,88330,2.83,micro,8.0,3.17,2025-12-25
Copper,Powder coated,23.6,0.941,Ändprofil,0.135,low,49809,3.62,small,7.0,3.85,2025-03-03
Iron,wet painted,34.6,1.152,T-profil,0.051,low,100953,2.83,micro,10.0,2.95,2025-09-11
Nickel,blackening,17.6,1.299,Glashållare,0.059,medium,69229,3.7,medium,8.0,3.51,2025-03-10
Titanium,blackening,36.4,1.633,Stödprofil,0.13,low,80591,3.35,medium,12.0,3.31,2025-09-02
Nickel,hot-dip galvanized,28.4,1.287,Mittpost,0.135,low,36342,3.63,large,6.0,4.09,2025-12-31
Zinc,blackening,34.6,1.477,Fönsterbåge,0.163,high,94874,2.87,large,10.0,3.06,2025-06-19
Titanium,phosphated,26.2,1.741,T-profil,0.07,medium,69501,3.74,large,7.0,3.51,2025-06-27
Titanium,blackening,30.6,0.957,Glaskil,0.127,high,124582,4.13,medium,,2.53,2025-07-08
Copper,electroplated,27.9,1.087,Täckprofil,0.079,high,46316,3.61,micro,12.0,3.92,2025-09-17
Titanium,plasma sprayed,32.7,1.197,Stödprofil,0.064,high,57322,3.33,large,5.0,3.72,2025-03-13
Nickel,phosphated,17.6,1.221,Glaskil,0.112,low,133262,4.02,small,2.0,2.38,2025-01-17
Titanium,Powder coated,17.1,1.212,Skenprofil,0.075,low,60238,2.58,large,6.0,3.67,2025-12-07
Copper,hot-dip galvanized,21.4,1.664,Karmlist,0.083,high,75978,3.71,medium,12.0,3.39,2025-02-26
Copper,hot-dip galvanized,19.4,1.488,Glaskil,0.098,high,150471,3.96,large,10.0,2.07,2025-08-06
Zinc,hot-dip galvanized,35.9,1.391,Foglist,0.089,high,133548,2.65,micro,9.0,2.37,2025-04-17
Nickel,Powder coated,20.8,1.119,Z-profil,0.063,low,94020,3.27,large,9.0,3.07,2025-10-31
Aluminium,Powder coated,38.3,1.588,Kopplingsprofil,0.063,high,137814,2.88,medium,6.0,2.3,2025-06-22
Aluminium,Powder coated,23.5,1.707,Täckprofil,0.079,high,89105,3.45,medium,10.0,3.16,2025-08-07
Titanium,Powder coated,19.9,1.585,Ramlist,0.058,medium,106623,3.58,small,4.0,2.85,2025-09-04
Zinc,hot-dip galvanized,34.0,0.839,Hakprofilslist,0.144,medium,34286,3.03,medium,4.0,4.13,2025-08-06
Iron,hot-dip galvanized,31.0,5.166144,Skruvkanal,0.093,low,108778,3.28,small,2.0,2.81,2025-01-31
Titanium,wet painted,27.3,0.884,H-profil,0.092,medium,115294,2.99,micro,10.0,2.7,2025-02-16
Zinc,phosphated,28.6,1.072,T-profil,0.1,medium,44461,3.14,medium,7.0,3.95,2025-05-14
Nickel,plasma sprayed,32.4,0.891,Kilspår,0.149,medium,52989,2.8,large,3.0,3.8,2025-04-18
Nickel,blackening,21.0,1.387,Kopplingsprofil,0.181,low,159401,3.96,micro,9.0,1.92,2025-03-13
Nickel,blackening,38.8,1.463,Z-profil,0.164,medium,126999,2.57,large,10.0,2.49,2025-11-23
Nickel,electroplated,38.3,0.942,Ventilationslister,0.159,low,93224,3.95,large,10.0,3.09,2025-04-18
Nickel,hot-dip galvanized,30.8,1.187,Karmlist,0.123,high,133611,3.46,large,3.0,2.37,2025-11-05
Zinc,electroplated,20.3,1.253,Hakprofilslist,0.154,medium,131573,3.08,micro,3.0,2.41,2025-09-29
Zinc,phosphated,31.5,1.173,Karmprofil,0.133,low,106608,3.7,micro,8.0,2.85,2025-06-20
Copper,phosphated,17.4,0.947,Kilspår,0.082,medium,133428,3.36,medium,12.0,2.37,2025-04-26
Aluminium,electroplated,16.4,1.219,Dekorlist,0.081,high,96045,3.34,large,5.0,3.04,2025-11-25
Nickel,hot-dip galvanized,21.7,1.521,Clipsprofil,0.094,low,159181,2.73,small,2.0,1.92,2025-03-15
Iron,electroplated,26.4,0.902,Dekorlist,0.187,low,33511,3.17,medium,9.0,4.14,2025-09-13
Zinc,blackening,35.8,0.91,Stödprofil,0.132,low,32529,2.93,micro,3.0,4.16,2025-03-22
Iron,wet painted,32.6,1.16,Clipsprofil,0.16,high,151272,2.57,small,4.0,2.06,2025-09-25
Iron,blackening,32.9,1.695,Hakprofilslist,0.102,high,80842,3.12,micro,6.0,3.3,2025-05-08
Iron,anodized,25.6,1.446,Dekorlist,0.111,high,46645,2.69,small,4.0,3.91,2025-11-22
Copper,hot-dip galvanized,23.7,1.455,Hakprofil,0.069,low,133789,2.96,medium,8.0,2.37,2025-08-23
Zinc,hot-dip galvanized,24.3,1.167,Bottenlist,0.076,high,64119,2.7,small,8.0,3.6,2025-02-10
Iron,plasma sprayed,38.6,1.378,Dekorlist,0.174,medium,80079,2.71,medium,3.0,3.32,2025-06-30
Nickel,Powder coated,16.7,0.846,Doldbeslag,0.138,high,114721,2.87,micro,8.0,2.71,2025-06-06
Titanium,anodized,35.8,1.417,Ramlist,0.101,low,124544,4.14,small,12.0,2.53,2025-02-28
Iron,phosphated,29.1,1.669,Täckprofil,0.17,medium,97884,2.55,large,7.0,3.0,2025-12-11
Copper,hot-dip galvanized,25.9,1.395,Tätningslist,0.087,high,52250,3.57,large,11.0,3.81,2025-09-06
Zinc,electroplated,32.5,1.633,Foglist,0.196,medium,47473,2.77,micro,10.0,3.89,2025-07-11
Copper,anodized,27.0,1.497,L-profil,0.102,medium,150043,4.01,small,10.0,2.08,2025-01-24
Iron,plasma sprayed,35.9,0.947,Glasningslist,0.101,low,90332,2.7,large,3.0,3.14,2025-03-21
Zinc,phosphated,36.6,5.166144,Avvattningsprofil,0.097,medium,147374,4.07,medium,8.0,2.13,2025-05-14
Titanium,Powder coated,25.5,0.898,Innerbåge,0.068,medium,131573,3.52,small,6.0,2.41,2025-08-01
Iron,Powder coated,22.1,1.324,Bottenlist,0.067,low,60336,2.55,small,7.0,3.67,2025-12-14
Copper,plasma sprayed,29.4,0.967,H-profil,0.147,low,156185,3.97,large,2.0,1.97,2025-06-15
Aluminium,plasma sprayed,36.8,0.848,Sidoprofil,0.181,low,145157,3.38,medium,8.0,2.17,2025-12-14
Nickel,electroplated,20.6,1.222,Karmprofil,0.169,medium,103656,2.97,medium,7.0,2.9,2025-12-03
Copper,hot-dip galvanized,30.1,1.106,Baslister,0.071,medium,46592,3.77,medium,5.0,3.91,2025-03-12
Zinc,Powder coated,30.3,1.28,Anslagslist,0.132,medium,35352,4.02,small,2.0,4.11,2025-08-02
Iron,phosphated,32.7,1.363,Ytterram,0.066,low,76677,3.32,micro,10.0,3.38,2025-03-06
Nickel,anodized,18.8,0.877,Glasningslist,0.057,high,121617,3.05,small,5.0,2.58,2025-08-09
Iron,phosphated,32.3,0.949,Fönsterbleck,0.148,medium,100138,3.8,small,3.0,2.96,2025-11-04
Zinc,wet painted,36.8,1.346,Ramlist,0.13,high,100119,3.63,large,9.0,2.96,2025-10-13
Iron,wet painted,19.9,1.15,Z-profil,0.062,low,145989,3.96,micro,3.0,2.15,2025-07-04
Aluminium,plasma sprayed,21.2,1.501,Glaskil,0.055,medium,140403,3.65,medium,6.0,2.25,2025-07-26
Nickel,electroplated,38.2,1.431,Doldbeslag,0.198,high,47920,2.94,large,12.0,3.89,2025-04-09
Nickel,wet painted,19.9,1.607,Avvattningsprofil,0.055,medium,62761,4.03,small,7.0,3.62,2025-08-30
Zinc,Powder coated,35.5,1.468,Bottenlist,0.117,medium,53050,2.72,micro,12.0,3.8,2025-06-07
Aluminium,phosphated,27.1,1.229,Mittpost,0.126,medium,130726,2.98,medium,9.0,2.42,2025-04-08
Copper,phosphated,21.4,1.45,Doldbeslag,0.068,high,121019,3.38,medium,12.0,2.59,2025-02-11
Iron,plasma sprayed,35.9,1.088,Ramlist,0.075,low,41772,3.45,small,2.0,4.0,2025-05-19
Titanium,hot-dip galvanized,26.0,1.116,Pärlspont,0.103,medium,101563,2.57,medium,2.0,2.94,2025-10-10
Iron,hot-dip galvanized,27.6,1.556,Hakprofilslist,0.164,low,144336,3.79,medium,5.0,2.18,2025-08-15
Iron,anodized,24.0,1.244,Kantskydd,0.126,low,89902,3.12,micro,,3.14,2025-03-13
Copper,plasma sprayed,29.4,1.564,Hakprofilslist,0.146,high,57823,3.2,large,10.0,3.71,2025-08-31
Iron,blackening,19.5,1.586,Täckprofil,0.198,high,63066,3.84,micro,12.0,3.62,2025-01-18
Aluminium,anodized,24.8,1.618,Hakprofil,0.165,low,135562,3.15,large,8.0,2.34,2025-03-18
Aluminium,blackening,38.2,1.672,Täckprofil,0.115,medium,98360,2.63,large,8.0,2.99,2025-02-14
Nickel,hot-dip galvanized,21.7,1.23,Skarvprofil,0.117,high,41379,2.83,large,,4.0,2025-12-09
Zinc,plasma sprayed,30.9,1.128,Glasningslist,0.143,medium,40699,4.07,medium,6.0,4.01,2025-05-20
Titanium,blackening,23.3,1.367,Kantprofil,0.15,medium,93026,2.66,micro,6.0,3.09,2025-06-26
Iron,plasma sprayed,33.6,1.175,Tätningslist,0.125,medium,125206,3.11,medium,2.0,2.52,2025-08-10
Iron,plasma sprayed,18.8,1.385,J-profil,0.147,low,48832,3.35,small,,3.87,2025-04-02
Copper,hot-dip galvanized,38.2,1.48,Skruvkanal,0.054,medium,154989,3.33,micro,7.0,1.99,2025-01-22
Zinc,anodized,26.2,1.464,H-profil,0.114,low,114657,2.56,large,10.0,2.71,2025-06-21
Aluminium,anodized,21.2,1.178,U-profil,0.092,low,75462,3.35,medium,4.0,3.4,2025-04-02
Titanium,plasma sprayed,17.4,0.989,L-profil,0.069,medium,36049,3.16,medium,6.0,4.1,2025-07-11
Nickel,wet painted,19.7,1.229,Skruvkanal,0.065,medium,43653,4.1,micro,3.0,3.96,2025-03-18
Aluminium,electroplated,27.8,0.967,Bottenlist,0.14,medium,144613,2.8,micro,11.0,2.18,2025-10-08
Zinc,hot-dip galvanized,23.5,1.648,Glaskil,0.129,medium,60777,3.11,large,6.0,3.66,2025-12-30
Nickel,electroplated,34.9,1.152,Ventilationslister,0.088,low,56870,3.22,large,9.0,3.73,2025-06-28
Copper,electroplated,25.7,0.978,Z-profil,0.121,medium,118673,3.17,small,12.0,2.64,2025-08-26
Copper,anodized,21.5,0.86,J-profil,0.124,medium,43737,3.61,large,3.0,3.96,2025-05-15
Iron,anodized,30.0,1.425,Rörprofil,0.079,low,70404,2.89,medium,9.0,3.49,2025-12-31
Zinc,wet painted,32.1,1.417,Ramlist,0.148,high,95670,2.9,small,5.0,3.04,2025-10-07
Titanium,electroplated,19.6,1.147,Z-profil,0.167,high,36851,3.71,small,11.0,4.08,2025-01-19
Nickel,electroplated,19.6,0.903,Kopplingsprofil,0.169,low,100659,3.35,small,,2.95,2025-03-24
Aluminium,plasma sprayed,16.6,1.21,Fönsterbleck,0.14,high,87180,3.21,micro,2.0,3.19,2025-08-16
Zinc,anodized,32.8,1.121,Sidoprofil,0.127,low,45216,2.82,large,6.0,3.93,2025-09-22
Zinc,electroplated,31.1,1.454,Ventilationslister,0.059,medium,158450,2.85,small,2.0,1.93,2025-04-22
Copper,phosphated,26.7,1.389,Vinkellist,0.093,medium,113003,2.57,micro,8.0,2.74,2025-09-08
Iron,wet painted,35.3,1.169,Innerbåge,0.064,high,73745,2.7,micro,9.0,3.43,2025-06-13
Iron,blackening,34.4,1.036,Doldbeslag,0.195,medium,79936,3.44,small,4.0,3.32,2025-12-24
Nickel,phosphated,29.3,1.737,Skenprofil,0.07,high,106227,3.97,small,4.0,2.86,2025-06-17
Copper,phosphated,35.8,1.251,H-profil,0.073,high,110494,3.01,medium,8.0,2.78,2025-08-09
Zinc,blackening,20.5,1.464,Glashållare,0.183,medium,61985,3.07,small,5.0,3.64,2025-10-31
Titanium,hot-dip galvanized,18.3,0.965,Distansprofil,0.192,medium,83434,2.73,medium,4.0,3.26,2025-07-10
Copper,hot-dip galvanized,22.0,1.28,Vinkellist,0.165,high,121216,3.17,small,9.0,2.59,2025-11-21
Nickel,wet painted,17.0,0.862,Hakprofil,0.051,medium,140267,2.61,small,4.0,2.25,2025-06-19
Nickel,phosphated,28.0,1.298,Clipsprofil,0.05,low,126755,4.01,large,8.0,2.49,2025-02-14
Copper,electroplated,37.4,1.715,Hakprofilslist,0.107,medium,160063,3.62,small,3.0,1.9,2025-01-14
Nickel,anodized,16.6,1.187,Stödprofil,0.072,medium,100147,4.13,small,12.0,2.96,2025-08-19
Copper,wet painted,18.6,0.873,Z-profil,0.053,low,72293,3.95,medium,12.0,3.46,2025-06-06
Aluminium,plasma sprayed,26.2,0.865,Ventilationslister,0.12,medium,76633,3.3,medium,2.0,3.38,2025-05-14
Copper,blackening,37.3,1.191,Z-profil,0.191,medium,140874,3.38,large,7.0,2.24,2025-02-06
Copper,phosphated,23.0,0.983,Baslister,0.099,high,91165,2.85,small,9.0,3.12,2025-02-22
Nickel,wet painted,27.5,0.859,Hakprofilslist,0.149,medium,111396,3.28,small,2.0,2.76,2025-01-18
Nickel,Powder coated,16.7,1.526,Glashållare,0.148,medium,82056,3.99,medium,11.0,3.28,2025-02-07
Iron,Powder coated,19.2,1.255,Kilspår,0.088,low,155163,2.63,micro,10.0,1.99,2025-07-06
Iron,hot-dip galvanized,38.6,1.101,Isolerprofil,0.148,high,93492,3.92,micro,4.0,3.08,2025-07-15
Aluminium,blackening,38.1,1.657,J-profil,0.082,high,92986,3.09,micro,4.0,3.09,2025-08-31
Iron,anodized,15.8,0.943,Täckprofil,0.068,high,81033,3.98,medium,5.0,3.3,2025-10-27
Copper,electroplated,37.8,1.708,Droppnäsa,0.155,medium,136389,4.05,medium,12.0,2.32,2025-10-30
Nickel,anodized,30.5,1.123,T-profil,0.067,high,58293,3.62,micro,2.0,3.7,2025-02-04
Iron,anodized,35.8,1.646,Fönsterbleck,0.2,low,62792,3.61,micro,10.0,3.62,2025-08-03
Iron,anodized,26.2,1.386,Kantskydd,0.078,high,53281,3.27,small,12.0,3.79,2025-08-07
Aluminium,blackening,27.7,1.59,Vinkellist,0.139,low,56443,3.88,medium,4.0,3.74,2025-11-12
Zinc,anodized,27.0,1.733,Karmprofil,0.112,high,109903,4.08,medium,11.0,2.79,2025-03-31
Aluminium,plasma sprayed,31.2,1.1,Kantskydd,0.069,high,121752,3.78,micro,5.0,2.58,2025-11-04
Copper,blackening,19.0,1.713,Anslagslist,0.054,low,92577,3.54,micro,2.0,3.1,2025-09-09
Nickel,plasma sprayed,16.4,1.192,Kantskydd,0.143,high,139344,3.51,large,5.0,2.27,2025-01-08
Aluminium,blackening,22.9,1.188,Mittpost,0.171,high,144257,3.9,medium,2.0,2.18,2025-09-13
Iron,hot-dip galvanized,32.0,1.147,Tätningslist,0.176,high,82290,3.41,large,6.0,3.28,2025-12-29
Nickel,wet painted,20.4,1.33,Kilspår,0.122,medium,160706,3.83,small,6.0,1.89,2025-07-27
Nickel,Powder coated,31.3,0.978,Sidoprofil,0.167,low,95188,3.36,large,12.0,3.05,2025-05-11
Iron,anodized,38.2,1.342,Glasningslist,0.151,high,101651,2.65,micro,8.0,2.94,2025-08-12
Aluminium,hot-dip galvanized,17.9,1.331,Glasningslist,0.159,low,129672,3.16,medium,9.0,2.44,2025-07-16
Iron,wet painted,31.3,1.531,Doldbeslag,0.124,low,82299,3.26,medium,,3.28,2025-05-22
Zinc,Powder coated,26.0,1.596,Bottenlist,0.145,low,135313,2.78,large,8.0,2.34,2025-09-09
Nickel,phosphated,35.8,1.238,L-profil,0.171,high,135111,2.71,large,5.0,2.34,2025-04-06
Titanium,electroplated,19.8,1.113,L-profil,0.11,high,137179,3.4,small,4.0,2.31,2025-01-26
Titanium,plasma sprayed,31.8,1.073,Anslagslist,0.171,low,102609,2.69,small,7.0,2.92,2025-04-21
Copper,phosphated,35.1,1.015,Spröjsprofil,0.139,medium,44746,3.03,micro,5.0,3.94,2025-05-03
Iron,blackening,37.6,5.166144,Clipsprofil,0.075,low,63033,3.73,micro,4.0,3.62,2025-07-05
Iron,Powder coated,31.5,1.149,Tätningslist,0.054,medium,151456,4.08,micro,10.0,2.06,2025-06-17
Copper,phosphated,27.2,1.083,Ramlist,0.104,low,108300,3.69,large,6.0,2.82,2025-02-20
Copper,electroplated,30.0,1.717,Kilspår,0.132,low,80932,4.13,large,8.0,3.3,2025-01-05
Copper,hot-dip galvanized,35.8,1.345,Glashållare,0.176,low,53876,3.66,medium,7.0,3.78,2025-03-18
Nickel,Powder coated,28.9,1.154,T-profil,0.069,high,35620,3.02,micro,11.0,4.1,2025-06-09
Zinc,phosphated,16.4,1.366,Bottenlist,0.17,medium,43050,3.62,large,6.0,3.97,2025-07-27
Iron,plasma sprayed,37.3,0.964,Hörnvinkel,0.179,medium,135302,3.67,medium,8.0,2.34,2025-09-14
Nickel,plasma sprayed,31.7,1.242,Anslagslist,0.073,low,85763,3.14,micro,,3.22,2025-07-24
Copper,wet painted,31.4,1.408,T-profil,0.178,high,58872,2.58,small,7.0,3.69,2025-09-12
Iron,phosphated,20.7,1.283,Kilspår,0.199,high,150661,3.67,small,11.0,2.07,2025-01-11
Nickel,anodized,31.0,1.203,Avvattningsprofil,0.159,medium,50248,2.58,large,3.0,3.85,2025-01-08
Zinc,phosphated,24.8,1.742,H-profil,0.168,high,159198,3.55,medium,4.0,1.92,2025-02-01
Nickel,hot-dip galvanized,30.8,1.639,Glaskil,0.199,medium,148828,2.81,small,3.0,2.1,2025-01-28
Zinc,Powder coated,18.2,1.405,Korsprofil,0.141,medium,71126,3.45,medium,4.0,3.48,2025-07-25
Copper,Powder coated,31.0,1.356,Ytterram,0.096,medium,121351,3.35,medium,2.0,2.59,2025-08-16
Zinc,hot-dip galvanized,38.9,1.403,Täckprofil,0.176,high,60167,2.57,small,9.0,3.67,2025-05-08
Iron,phosphated,16.8,1.021,Korsprofil,0.142,medium,92531,3.13,medium,7.0,3.1,2025-09-12
Copper,hot-dip galvanized,38.3,1.197,Täckprofil,0.137,medium,98562,3.51,small,3.0,2.99,2025-07-31
Iron,electroplated,25.1,0.873,L-profil,0.088,low,123656,3.9,large,9.0,2.55,2025-08-27
Titanium,blackening,35.9,1.27,Karmlist,0.163,medium,158640,3.96,micro,7.0,1.93,2025-07-26
Aluminium,hot-dip galvanized,33.8,1.332,L-profil,0.062,medium,104533,3.32,micro,8.0,2.89,2025-11-14
Zinc,plasma sprayed,28.8,1.045,Doldbeslag,0.189,low,76978,3.71,large,12.0,3.37,2025-10-10
Aluminium,hot-dip galvanized,32.8,1.715,H-profil,0.099,low,139861,3.05,small,2.0,2.26,2025-09-02
Aluminium,Powder coated,36.1,1.666,Z-profil,0.069,high,45263,3.09,small,8.0,3.93,2025-02-14
Zinc,plasma sprayed,25.1,1.495,Droppnäsa,0.116,medium,96660,2.86,small,4.0,3.02,2025-04-15
Copper,Powder coated,23.3,1.323,Foglist,0.056,high,81734,3.44,small,12.0,3.29,2025-12-14
Titanium,wet painted,31.2,1.63,Mittpost,0.153,high,98917,3.05,large,9.0,2.98,2025-10-08
Iron,anodized,34.4,0.956,U-profil,0.185,low,52569,2.68,micro,7.0,3.8,2025-08-22
Nickel,Powder coated,33.4,1.557,Distansprofil,0.176,high,149869,3.64,medium,5.0,2.08,2025-07-08
Iron,plasma sprayed,34.2,0.951,Stödprofil,0.069,medium,108612,3.68,medium,12.0,2.81,2025-02-13
Nickel,wet painted,25.8,1.561,Karmprofil,0.069,low,129652,3.12,micro,9.0,2.44,2025-08-13
Iron,Powder coated,34.7,1.088,Spröjsprofil,0.172,medium,112032,2.67,large,,2.75,2025-05-22
Zinc,electroplated,18.5,1.636,Skenprofil,0.189,medium,149958,3.23,medium,11.0,2.08,2025-05-16
Titanium,hot-dip galvanized,28.3,1.697,Ramlist,0.119,low,139948,3.25,micro,3.0,2.26,2025-06-25
Nickel,anodized,15.9,0.973,Ramlist,0.125,medium,113794,3.61,large,7.0,2.72,2025-05-22
Copper,Powder coated,23.2,1.259,Kantprofil,0.098,low,121205,3.05,medium,6.0,2.59,2025-03-21
Iron,wet painted,24.2,1.731,H-profil,0.184,medium,109525,3.64,small,6.0,2.8,2025-03-23
Iron,electroplated,24.9,5.166144,Isolerprofil,0.147,low,115167,3.94,small,,2.7,2025-05-15
Nickel,phosphated,31.8,1.624,Baslister,0.093,high,69828,2.93,large,12.0,3.5,2025-07-26
Copper,wet painted,24.7,1.373,Ändprofil,0.095,medium,156897,4.11,small,4.0,1.96,2025-12-10
Copper,hot-dip galvanized,26.1,1.179,Pärlspont,0.184,low,111272,3.16,large,9.0,2.77,2025-06-26
Zinc,wet painted,21.2,1.098,Vinkellist,0.052,medium,97902,2.97,micro,9.0,3.0,2025-08-31
Zinc,electroplated,24.4,1.022,Pärlspont,0.098,medium,128561,3.22,micro,6.0,2.46,2025-02-24
Zinc,wet painted,21.0,1.531,Anslagslist,0.133,medium,123048,2.7,medium,9.0,2.56,2025-05-21
Zinc,electroplated,17.4,1.189,F-profil,0.072,low,155493,2.75,large,11.0,1.98,2025-02-25
Zinc,Powder coated,29.7,1.303,Z-profil,0.064,high,158577,3.21,medium,9.0,1.93,2025-01-15
Zinc,blackening,31.2,1.286,Sidoprofil,0.172,high,65632,3.76,medium,4.0,3.57,2025-07-04
Titanium,electroplated,30.1,1.363,Karmlist,0.184,high,156781,3.98,micro,3.0,1.96,2025-11-10
Copper,electroplated,26.5,1.626,Vinkellist,0.174,low,123237,3.61,medium,10.0,2.55,2025-03-29
Zinc,anodized,24.5,1.73,Karmprofil,0.185,high,111229,2.72,small,3.0,2.77,2025-04-07
Copper,electroplated,35.7,1.208,Baslister,0.133,low,101506,3.62,medium,10.0,2.94,2025-05-24
Copper,electroplated,27.7,1.591,Droppnäsa,0.172,medium,123437,3.56,large,5.0,2.55,2025-01-08
Aluminium,phosphated,26.8,1.534,H-profil,0.108,medium,34551,3.83,small,3.0,4.12,2025-08-03
Titanium,blackening,16.3,1.36,Distansprofil,0.15,high,78017,3.86,micro,,3.35,2025-06-22
Zinc,Powder coated,23.6,1.708,Ramlist,0.198,low,131408,3.93,large,2.0,2.41,2025-08-11
Iron,hot-dip galvanized,24.5,1.02,Fönsterbåge,0.084,medium,59327,3.21,small,5.0,3.69,2025-02-09
Nickel,anodized,25.0,0.937,Foglist,0.108,low,129682,3.66,large,,2.44,2025-07-01
Iron,phosphated,29.2,1.615,Hörnvinkel,0.122,low,118851,2.98,small,10.0,2.63,2025-09-27
Titanium,plasma sprayed,28.1,1.237,Innerbåge,0.071,medium,41883,4.14,large,5.0,3.99,2025-07-06
Nickel,blackening,29.8,1.609,Baslister,0.062,low,82687,2.83,large,10.0,3.27,2025-09-02
Titanium,Powder coated,33.4,1.651,Kopplingsprofil,0.174,medium,55404,2.57,small,7.0,3.75,2025-11-05
Copper,Powder coated,34.5,0.894,Foglist,0.197,medium,44524,2.79,micro,2.0,3.95,2025-08-19
Nickel,plasma sprayed,32.3,1.642,Glasningslist,0.111,medium,92924,3.78,micro,11.0,3.09,2025-06-04
Copper,hot-dip galvanized,37.8,1.246,Hakprofilslist,0.063,low,88358,3.26,large,7.0,3.17,2025-06-24
Iron,electroplated,16.1,1.302,Stödprofil,0.06,medium,136620,3.26,large,10.0,2.32,2025-12-02
Iron,phosphated,20.3,1.408,Glasningslist,0.184,low,128672,4.07,micro,3.0,2.46,2025-04-25
Nickel,wet painted,15.9,1.681,Mittpost,0.12,medium,61599,4.01,micro,7.0,3.64,2025-11-07
Nickel,anodized,30.7,0.855,Korsprofil,0.098,medium,110872,3.04,medium,3.0,2.77,2025-10-27
Zinc,wet painted,36.5,1.272,Avvattningsprofil,0.121,high,117769,2.88,micro,5.0,2.65,2025-01-18
Titanium,plasma sprayed,21.4,1.464,Bottenlist,0.098,high,110228,3.9,large,9.0,2.78,2025-09-29
Zinc,Powder coated,37.2,1.495,Sidoprofil,0.123,high,105774,3.99,small,8.0,2.86,2025-01-12
Titanium,hot-dip galvanized,17.1,1.468,Tätningslist,0.179,low,36441,3.41,micro,12.0,4.09,2025-10-28
Zinc,Powder coated,37.4,0.96,F-profil,0.139,low,55650,3.55,medium,10.0,3.75,2025-07-11
Copper,anodized,23.9,1.11,Korsprofil,0.154,medium,107382,2.96,medium,8.0,2.84,2025-08-20
Nickel,Powder coated,18.1,1.164,Innerbåge,0.105,medium,103171,3.82,medium,2.0,2.91,2025-04-03
Iron,Powder coated,27.0,1.57,U-profil,0.161,medium,37377,3.56,small,3.0,4.07,2025-08-06
Titanium,anodized,21.7,1.091,Pärlspont,0.15,medium,78315,3.35,micro,7.0,3.35,2025-10-05
Titanium,phosphated,22.3,1.029,Täckprofil,0.068,low,103447,2.65,micro,8.0,2.9,2025-12-19
Iron,phosphated,22.8,1.709,Skruvkanal,0.136,medium,91480,4.01,micro,4.0,3.12,2025-10-30
Zinc,anodized,34.3,0.845,J-profil,0.089,medium,73157,3.53,small,10.0,3.44,2025-01-29
Titanium,hot-dip galvanized,28.2,1.746,U-profil,0.171,high,133496,2.86,small,8.0,2.37,2025-10-28
Copper,plasma sprayed,22.9,1.454,H-profil,0.114,medium,92140,3.51,large,7.0,3.1,2025-03-18
Nickel,blackening,29.9,1.592,Spröjsprofil,0.199,medium,157763,3.63,medium,7.0,1.94,2025-01-09
Iron,Powder coated,32.3,1.106,Täckprofil,0.064,medium,92202,3.39,medium,2.0,3.1,2025-01-24
Nickel,hot-dip galvanized,22.0,0.85,Doldbeslag,0.167,low,37877,3.69,micro,6.0,4.06,2025-01-15
Titanium,Powder coated,25.3,1.509,L-profil,0.151,high,52302,3.47,small,11.0,3.81,2025-06-13
Titanium,blackening,18.5,1.597,Distansprofil,0.165,medium,83011,4.06,small,4.0,3.27,2025-01-13
Iron,plasma sprayed,19.9,1.512,J-profil,0.096,medium,71751,2.64,micro,8.0,3.47,2025-12-13
Copper,phosphated,31.5,0.967,Ramlist,0.124,high,132111,2.72,micro,11.0,2.4,2025-06-21
Aluminium,hot-dip galvanized,19.9,5.166144,Kilspår,0.169,medium,81403,2.83,large,,3.29,2025-12-23
Iron,electroplated,27.9,1.538,Mittpost,0.085,low,60947,3.65,medium,6.0,3.66,2025-11-23
Aluminium,electroplated,32.1,1.437,Glaskil,0.084,medium,67131,3.58,medium,8.0,3.55,2025-07-19
Zinc,blackening,18.2,5.166144,Distansprofil,0.133,low,150630,3.97,medium,4.0,2.07,2025-03-17
Aluminium,electroplated,28.9,1.608,Tätningslist,0.129,low,132604,3.72,large,11.0,2.39,2025-06-13
Copper,phosphated,21.7,1.396,Droppnäsa,0.092,medium,128798,3.36,micro,3.0,2.46,2025-03-02
Zinc,blackening,38.0,0.918,Tätningslist,0.095,high,146170,4.13,micro,,2.15,2025-09-02
Aluminium,phosphated,26.9,1.281,Kantprofil,0.092,low,127419,2.97,medium,9.0,2.48,2025-06-04
Zinc,plasma sprayed,34.4,0.908,Innerbåge,0.166,high,99130,3.87,medium,5.0,2.98,2025-09-14
Aluminium,Powder coated,28.5,1.208,Distansprofil,0.148,medium,112932,3.23,large,10.0,2.74,2025-09-01
Copper,plasma sprayed,16.7,1.208,Karmprofil,0.175,low,69133,3.58,small,9.0,3.51,2025-06-11
Aluminium,plasma sprayed,30.4,0.897,Isolerprofil,0.196,medium,144694,3.71,small,8.0,2.18,2025-03-09
Aluminium,phosphated,37.7,1.155,J-profil,0.121,high,125164,3.56,medium,8.0,2.52,2025-12-10
Aluminium,blackening,29.6,0.938,Skarvprofil,0.06,medium,56698,2.77,large,4.0,3.73,2025-10-04
Iron,blackening,34.7,1.573,Innerbåge,0.057,medium,156933,3.25,medium,7.0,1.96,2025-06-10
Iron,electroplated,36.2,1.7,Hörnvinkel,0.094,low,93854,3.44,small,6.0,3.07,2025-09-16
Iron,wet painted,21.0,0.903,Glaskil,0.19,medium,83055,3.9,medium,2.0,3.27,2025-11-03
Copper,Powder coated,20.6,1.707,H-profil,0.128,medium,50006,3.26,small,12.0,3.85,2025-12-01
Zinc,phosphated,29.9,1.313,Fönsterbleck,0.091,medium,54640,4.01,small,4.0,3.77,2025-04-05
Titanium,electroplated,25.2,1.11,H-profil,0.11,low,97294,3.25,small,2.0,3.01,2025-09-03
Aluminium,hot-dip galvanized,35.2,0.907,Ramlist,0.14,high,96184,3.42,micro,5.0,3.03,2025-08-09
Aluminium,wet painted,36.6,1.293,Skruvkanal,0.148,high,116661,3.82,micro,11.0,2.67,2025-05-03
Copper,wet painted,23.9,1.561,Distansprofil,0.073,medium,49782,3.48,medium,4.0,3.85,2025-07-06
Aluminium,phosphated,21.2,1.481,Täckprofil,0.197,low,86525,4.08,small,12.0,3.2,2025-09-19
Iron,anodized,33.8,0.883,Kilspår,0.132,medium,91149,3.6,micro,5.0,3.12,2025-09-30
Titanium,Powder coated,22.1,0.904,Fönsterbåge,0.07,high,107154,3.38,medium,10.0,2.84,2025-03-01
Nickel,wet painted,34.8,1.204,Droppnäsa,0.184,low,73556,2.59,medium,4.0,3.43,2025-05-05
Aluminium,phosphated,25.5,1.106,Spröjsprofil,0.061,high,141845,3.21,medium,7.0,2.23,2025-12-03
Iron,phosphated,31.2,1.049,Hakprofil,0.186,high,141021,3.03,medium,7.0,2.24,2025-12-07
Nickel,electroplated,17.9,1.093,Kopplingsprofil,0.199,low,113410,3.74,medium,8.0,2.73,2025-02-20
Titanium,hot-dip galvanized,30.2,1.569,Kantprofil,0.155,low,145906,2.88,large,10.0,2.15,2025-06-27
Nickel,anodized,26.2,1.684,Hakprofilslist,0.166,medium,46950,2.88,small,8.0,3.9,2025-05-19
Iron,Powder coated,29.3,1.206,Hakprofil,0.101,medium,78418,2.85,medium,2.0,3.35,2025-11-23
Zinc,blackening,19.6,1.662,Skruvkanal,0.191,high,61230,2.75,large,9.0,3.65,2025-06-19
Zinc,plasma sprayed,32.8,1.13,Bottenlist,0.129,low,118007,3.04,small,6.0,2.65,2025-02-08
Nickel,hot-dip galvanized,35.7,1.271,Spröjsprofil,0.16,low,132700,3.96,micro,10.0,2.39,2025-03-10
Copper,hot-dip galvanized,20.7,1.043,Skruvkanal,0.189,medium,44101,3.78,medium,11.0,3.95,2025-08-24
Nickel,electroplated,17.9,1.421,Kopplingsprofil,0.196,high,83660,3.72,large,6.0,3.25,2025-02-17
Aluminium,blackening,16.3,1.729,Pärlspont,0.175,high,120208,3.82,micro,6.0,2.61,2025-02-26
Aluminium,wet painted,30.6,1.387,Innerbåge,0.095,medium,48859,2.98,large,3.0,3.87,2025-10-04
Zinc,wet painted,29.8,1.163,Hakprofil,0.195,low,64634,3.96,small,12.0,3.59,2025-12-04
Copper,electroplated,28.4,1.427,Isolerprofil,0.144,medium,137773,2.77,small,4.0,2.3,2025-04-09
Iron,phosphated,21.1,0.949,Ändprofil,0.19,medium,45588,3.08,micro,11.0,3.93,2025-01-15
Aluminium,wet painted,24.8,1.647,Tätningslist,0.151,medium,54698,3.48,large,10.0,3.77,2025-11-21
Zinc,anodized,29.5,1.295,Foglist,0.096,medium,108530,2.71,medium,8.0,2.81,2025-06-28
Titanium,Powder coated,27.2,1.246,Rörprofil,0.106,low,44491,3.71,medium,2.0,3.95,2025-11-28
Zinc,hot-dip galvanized,38.6,1.371,Z-profil,0.133,medium,50351,3.17,micro,4.0,3.84,2025-03-03
Aluminium,hot-dip galvanized,18.9,1.406,Fönsterbåge,0.169,low,94015,3.8,micro,3.0,3.07,2025-04-29
Aluminium,anodized,31.8,0.903,Fönsterbåge,0.098,medium,43037,3.33,micro,2.0,3.97,2025-02-06
Zinc,blackening,25.1,1.459,Droppnäsa,0.137,high,97440,2.84,large,10.0,3.01,2025-05-14
Iron,wet painted,25.6,1.058,Anslagslist,0.102,low,57551,3.72,medium,9.0,3.72,2025-01-26
Nickel,hot-dip galvanized,32.3,1.487,Hörnvinkel,0.172,high,83275,2.95,medium,6.0,3.26,2025-01-08
Aluminium,plasma sprayed,31.8,1.586,Kantprofil,0.12,medium,37447,3.33,medium,12.0,4.07,2025-01-04
Zinc,blackening,38.7,1.569,Glaskil,0.062,medium,82808,2.67,micro,3.0,3.27,2025-01-21
Zinc,Powder coated,18.7,1.34,Kantskydd,0.075,medium,84524,3.53,medium,2.0,3.24,2025-05-29
Copper,Powder coated,18.1,1.311,Pärlspont,0.059,low,51943,3.61,small,8.0,3.82,2025-01-25
Nickel,hot-dip galvanized,32.5,0.967,Korsprofil,0.125,high,71267,3.15,micro,12.0,3.47,2025-05-23
Titanium,electroplated,29.1,1.543,Kopplingsprofil,0.066,low,131150,4.07,medium,12.0,2.41,2025-09-02
Iron,blackening,22.1,1.084,Skarvprofil,0.067,low,135835,3.94,large,3.0,2.33,2025-02-12
Titanium,hot-dip galvanized,17.6,1.29,Tätningslist,0.191,medium,73033,3.68,micro,2.0,3.44,2025-10-20
Nickel,electroplated,17.7,1.096,H-profil,0.181,high,116303,3.68,small,3.0,2.68,2025-07-04
Nickel,hot-dip galvanized,36.4,0.959,Tätningslist,0.118,medium,67108,2.95,small,8.0,3.55,2025-02-11
Nickel,plasma sprayed,20.2,1.411,Avvattningsprofil,0.198,low,151522,3.59,large,8.0,2.05,2025-04-02
Titanium,blackening,23.2,0.887,U-profil,0.05,medium,99588,2.87,large,11.0,2.97,2025-11-13
Nickel,phosphated,21.0,1.519,Avvattningsprofil,0.142,high,91259,2.78,micro,7.0,3.12,2025-11-20
Zinc,Powder coated,23.9,1.126,Hakprofilslist,0.142,medium,34149,4.14,micro,6.0,4.13,2025-02-22
Titanium,hot-dip galvanized,17.3,0.837,Tätningslist,0.119,high,100478,3.54,small,4.0,2.96,2025-03-25
Nickel,plasma sprayed,27.7,1.303,Droppnäsa,0.11,high,99436,3.24,large,4.0,2.98,2025-02-03
Zinc,electroplated,17.3,0.88,Clipsprofil,0.118,medium,93040,3.01,micro,12.0,3.09,2025-03-17
Copper,electroplated,34.2,1.089,Fönsterbåge,0.112,low,144555,3.51,small,10.0,2.18,2025-12-19
Nickel,Powder coated,21.1,1.481,Isolerprofil,0.16,medium,118622,2.63,large,5.0,2.64,2025-07-16
Titanium,anodized,28.2,0.894,Dekorlist,0.07,low,76865,2.7,small,10.0,3.37,2025-10-13
Aluminium,hot-dip galvanized,36.1,1.602,Kopplingsprofil,0.08,low,52483,2.6,medium,5.0,3.81,2025-03-29
Nickel,blackening,30.8,0.841,Dekorlist,0.077,medium,147606,3.34,large,3.0,2.12,2025-08-23
Aluminium,wet painted,28.1,1.062,Ramlist,0.089,low,33432,3.5,micro,5.0,4.14,2025-08-20
Zinc,electroplated,23.2,1.512,Karmprofil,0.129,low,70559,2.65,micro,,3.49,2025-01-07
Copper,blackening,23.4,1.125,Hakprofil,0.067,medium,128912,3.7,medium,7.0,2.45,2025-10-19
Iron,blackening,31.2,0.93,Karmlist,0.18,medium,95968,2.92,large,,3.04,2025-02-07
Copper,phosphated,38.7,1.165,Stödprofil,0.095,medium,160655,3.64,small,2.0,1.89,2025-02-21
Nickel,blackening,31.0,1.084,Kantprofil,0.074,low,70863,4.11,micro,4.0,3.48,2025-05-23
Aluminium,blackening,28.6,1.605,Karmlist,0.151,high,124527,3.65,medium,6.0,2.53,2025-08-09
Aluminium,phosphated,32.6,1.123,Ramlist,0.056,low,141135,3.95,medium,7.0,2.24,2025-08-28
Titanium,electroplated,26.5,1.556,Glasningslist,0.143,high,43231,4.06,large,2.0,3.97,2025-05-23
Aluminium,blackening,17.1,1.65,Anslagslist,0.155,medium,159456,3.32,large,10.0,1.91,2025-12-15
Titanium,anodized,28.7,1.232,Karmprofil,0.082,high,105469,3.67,micro,4.0,2.87,2025-12-29
Zinc,anodized,37.9,1.666,Karmprofil,0.056,medium,82939,3.9,medium,11.0,3.27,2025-02-18
Iron,plasma sprayed,19.8,1.181,Hörnvinkel,0.105,medium,154836,3.12,small,4.0,2.0,2025-10-04
Nickel,phosphated,31.7,1.715,Ytterram,0.065,high,135613,2.97,medium,12.0,2.34,2025-09-28
Titanium,plasma sprayed,20.4,0.919,Glashållare,0.067,medium,91201,4.06,small,3.0,3.12,2025-01-14
Iron,phosphated,28.1,1.463,Hakprofilslist,0.088,high,132717,3.7,small,9.0,2.39,2025-10-25
Aluminium,hot-dip galvanized,18.0,1.287,Foglist,0.094,medium,33344,2.9,micro,4.0,4.14,2025-01-15
Aluminium,hot-dip galvanized,26.1,1.19,Skarvprofil,0.129,low,78991,3.26,medium,7.0,3.34,2025-08-22
Iron,blackening,33.2,1.413,Hörnvinkel,0.152,low,133035,3.82,small,3.0,2.38,2025-03-04
Aluminium,wet painted,23.8,1.478,Pärlspont,0.139,medium,56663,3.42,large,8.0,3.73,2025-07-15
Zinc,hot-dip galvanized,31.1,0.841,Hörnvinkel,0.072,medium,78994,3.58,small,5.0,3.34,2025-01-27
Zinc,wet painted,34.1,0.989,Innerbåge,0.076,high,33882,3.75,large,10.0,4.14,2025-04-03
Iron,hot-dip galvanized,37.2,1.487,F-profil,0.182,low,112210,3.54,large,11.0,2.75,2025-04-15
Titanium,Powder coated,21.2,1.444,Skruvkanal,0.134,high,99144,3.41,medium,10.0,2.98,2025-11-05
Titanium,hot-dip galvanized,25.0,1.717,Ramlist,0.18,medium,53601,3.74,large,8.0,3.79,2025-02-21
Iron,plasma sprayed,19.3,1.53,Anslagslist,0.106,medium,106629,3.71,small,9.0,2.85,2025-11-15
Titanium,electroplated,38.7,1.703,Glasningslist,0.142,high,33920,3.55,large,4.0,4.13,2025-06-30
Titanium,blackening,37.2,1.477,Pärlspont,0.129,medium,94524,3.12,medium,12.0,3.06,2025-02-26
Zinc,plasma sprayed,28.2,1.109,L-profil,0.098,low,88955,3.2,micro,6.0,3.16,2025-04-30
Titanium,electroplated,35.2,0.933,Korsprofil,0.12,high,127719,4.09,small,3.0,2.48,2025-11-04
Copper,anodized,27.8,1.549,Täckprofil,0.125,low,69834,2.73,small,11.0,3.5,2025-12-29
Nickel,plasma sprayed,30.2,1.424,Z-profil,0.08,low,152350,2.98,medium,8.0,2.04,2025-02-12
Aluminium,anodized,17.8,0.881,T-profil,0.097,low,135796,3.33,medium,9.0,2.33,2025-05-15
Copper,wet painted,33.2,1.165,L-profil,0.169,high,71690,3.88,medium,10.0,3.47,2025-09-17
Titanium,wet painted,18.7,1.709,Mittpost,0.187,medium,103929,2.81,medium,12.0,2.9,2025-07-16
Zinc,Powder coated,34.8,1.293,Stödprofil,0.104,low,88156,2.99,small,12.0,3.18,2025-05-13
Iron,hot-dip galvanized,33.8,1.231,Bottenlist,0.096,low,81552,2.65,micro,8.0,3.29,2025-09-12
Titanium,plasma sprayed,32.1,1.254,Vinkellist,0.079,low,88109,3.67,large,11.0,3.18,2025-08-08
Zinc,anodized,16.6,1.027,Glaskil,0.152,medium,54559,2.93,large,11.0,3.77,2025-12-02
Nickel,electroplated,22.7,1.173,Korsprofil,0.098,medium,52955,3.17,micro,9.0,3.8,2025-02-10
Titanium,wet painted,21.8,1.174,Hakprofilslist,0.198,high,65305,3.26,micro,10.0,3.58,2025-09-12
Iron,hot-dip galvanized,24.1,0.885,Distansprofil,0.099,medium,63929,3.97,micro,7.0,3.6,2025-01-02
Zinc,wet painted,17.8,1.536,T-profil,0.109,high,55910,3.2,medium,11.0,3.75,2025-07-14
Zinc,electroplated,37.4,1.217,Tätningslist,0.141,high,89484,2.78,small,3.0,3.15,2025-08-30
Zinc,hot-dip galvanized,28.5,1.586,Sidoprofil,0.17,high,53902,3.38,small,3.0,3.78,2025-05-29
Nickel,hot-dip galvanized,22.8,1.612,Clipsprofil,0.12,high,118245,4.08,small,5.0,2.64,2025-07-17
Titanium,anodized,24.9,1.03,Glasningslist,0.113,high,43410,3.52,medium,10.0,3.97,2025-10-26
Nickel,anodized,26.1,1.436,Skruvkanal,0.199,low,38373,4.11,small,8.0,4.06,2025-09-02
Aluminium,plasma sprayed,29.6,1.267,Kantskydd,0.052,medium,133146,3.89,medium,3.0,2.38,2025-12-04
Aluminium,plasma sprayed,27.7,1.639,Pärlspont,0.184,low,113118,2.61,small,9.0,2.73,2025-04-18
Titanium,phosphated,37.0,1.034,Sidoprofil,0.072,high,42495,3.6,micro,,3.98,2025-07-31
Nickel,blackening,27.2,1.455,Hakprofilslist,0.168,medium,33837,3.01,large,8.0,4.14,2025-06-05
Iron,phosphated,38.7,1.391,Glasningslist,0.143,low,49438,3.44,large,10.0,3.86,2025-01-26
Zinc,Powder coated,35.4,1.106,T-profil,0.101,low,76628,2.99,medium,9.0,3.38,2025-03-23
Zinc,wet painted,20.6,0.962,L-profil,0.181,high,157438,3.1,small,4.0,1.95,2025-03-24
Titanium,plasma sprayed,37.3,1.431,Glashållare,0.052,low,78502,4.02,large,2.0,3.35,2025-05-11
Aluminium,anodized,18.4,1.51,Pärlspont,0.084,low,72464,2.88,micro,3.0,3.45,2025-11-25
Aluminium,electroplated,34.6,1.125,Kilspår,0.135,low,158845,3.94,micro,3.0,1.93,2025-04-10
Zinc,anodized,24.5,1.425,Foglist,0.103,low,122043,2.6,micro,5.0,2.58,2025-09-13
Titanium,wet painted,36.0,1.197,Skruvkanal,0.142,low,86959,2.69,medium,7.0,3.2,2025-02-18
Nickel,phosphated,35.8,1.487,Stödprofil,0.054,high,118455,3.91,medium,5.0,2.64,2025-03-04
Aluminium,anodized,34.4,1.019,Kilspår,0.067,high,81992,3.55,small,10.0,3.28,2025-11-07
Nickel,blackening,34.0,1.648,Doldbeslag,0.069,low,152498,3.74,micro,5.0,2.04,2025-10-17
Aluminium,Powder coated,22.8,1.099,Ytterram,0.078,high,57145,2.88,small,7.0,3.72,2025-04-15
Aluminium,wet painted,17.6,1.172,Innerbåge,0.119,high,122146,3.4,small,7.0,2.57,2025-04-15
Copper,phosphated,25.1,0.89,U-profil,0.163,medium,135735,3.72,micro,11.0,2.33,2025-11-21
Aluminium,blackening,19.7,0.939,Isolerprofil,0.186,low,62862,3.55,small,12.0,3.62,2025-01-15
Iron,electroplated,31.8,1.307,Ändprofil,0.175,high,60336,3.3,large,11.0,3.67,2025-06-24
Titanium,phosphated,23.7,1.081,Ventilationslister,0.08,high,93052,4.08,medium,2.0,3.09,2025-09-16
Titanium,hot-dip galvanized,38.3,1.598,Distansprofil,0.116,low,106533,3.63,small,9.0,2.85,2025-07-30
Nickel,blackening,30.6,0.851,Pärlspont,0.08,medium,115349,3.99,micro,4.0,2.69,2025-09-16
Aluminium,blackening,34.8,5.166144,Dekorlist,0.09,low,140875,3.71,medium,7.0,2.24,2025-04-12
Iron,Powder coated,18.8,1.144,Kantskydd,0.126,medium,100981,3.72,medium,4.0,2.95,2025-09-17
Nickel,wet painted,35.7,0.855,Glashållare,0.06,low,60118,2.68,small,12.0,3.67,2025-12-10
Copper,electroplated,37.1,0.951,Spröjsprofil,0.083,low,62844,3.12,large,3.0,3.62,2025-06-08
Nickel,Powder coated,27.0,1.214,J-profil,0.19,low,94832,3.91,small,6.0,3.06,2025-02-14
Nickel,phosphated,29.8,1.286,Sidoprofil,0.12,low,110936,2.92,large,2.0,2.77,2025-10-28
Aluminium,Powder coated,33.4,1.205,Ramlist,0.117,medium,90005,2.73,medium,10.0,3.14,2025-09-08
Copper,blackening,19.8,1.321,J-profil,0.052,medium,52404,3.07,small,12.0,3.81,2025-11-27
Nickel,wet painted,27.4,1.379,L-profil,0.087,high,156636,2.9,micro,8.0,1.96,2025-06-14
Iron,plasma sprayed,25.0,0.846,Foglist,0.18,low,160204,4.02,small,4.0,1.9,2025-07-12
Iron,Powder coated,19.1,1.26,Pärlspont,0.075,medium,101903,3.93,large,5.0,2.93,2025-01-09
Titanium,hot-dip galvanized,24.2,1.715,Skenprofil,0.112,medium,134799,3.34,large,7.0,2.35,2025-03-06
Copper,Powder coated,17.3,1.31,Anslagslist,0.052,medium,91325,2.65,small,4.0,3.12,2025-10-09
Copper,phosphated,16.3,1.454,Glaskil,0.122,low,128564,3.69,large,8.0,2.46,2025-06-30
Titanium,phosphated,18.9,1.121,Glashållare,0.053,high,64617,3.54,medium,7.0,3.59,2025-10-09
Nickel,electroplated,38.0,1.542,Kantskydd,0.173,medium,63716,4.09,small,10.0,3.61,2025-10-06
Copper,phosphated,28.4,1.541,L-profil,0.174,low,74312,3.44,large,6.0,3.42,2025-01-30
Iron,anodized,38.1,1.312,Hakprofilslist,0.168,medium,137885,3.08,small,5.0,2.3,2025-09-23
Iron,wet painted,25.7,1.726,Hakprofil,0.093,medium,100345,3.38,small,4.0,2.96,2025-11-24
Aluminium,wet painted,22.9,0.952,Foglist,0.176,high,53700,4.11,micro,11.0,3.78,2025-08-05
Copper,plasma sprayed,27.4,0.853,Tätningslist,0.131,medium,80570,3.66,small,2.0,3.31,2025-11-16
Nickel,plasma sprayed,25.9,1.539,Rörprofil,0.106,medium,104369,3.62,micro,4.0,2.89,2025-04-15
Titanium,wet painted,18.2,1.572,Hörnvinkel,0.144,low,151715,2.93,large,4.0,2.05,2025-07-03
Titanium,hot-dip galvanized,30.6,0.947,Stödprofil,0.052,low,82133,3.73,micro,8.0,3.28,2025-11-26
Nickel,plasma sprayed,20.7,1.079,Clipsprofil,0.071,high,95944,3.74,micro,8.0,3.04,2025-05-28
Zinc,electroplated,30.1,0.853,Rörprofil,0.161,low,112506,3.05,micro,2.0,2.74,2025-04-15
Aluminium,phosphated,30.8,1.104,Pärlspont,0.087,low,101768,3.32,medium,4.0,2.93,2025-02-16
Titanium,wet painted,19.2,1.541,Hörnvinkel,0.14,high,145199,3.02,micro,9.0,2.17,2025-03-28
Copper,blackening,17.1,1.309,Korsprofil,0.108,medium,91773,2.96,small,10.0,3.11,2025-11-05
Aluminium,plasma sprayed,33.8,1.154,Ändprofil,0.178,high,78109,2.59,micro,8.0,3.35,2025-05-09
Copper,wet painted,26.4,1.176,Kantskydd,0.193,low,70628,3.0,small,8.0,3.49,2025-09-15
Iron,anodized,17.1,0.838,H-profil,0.183,high,69084,3.43,micro,12.0,3.51,2025-11-10
Aluminium,Powder coated,38.8,1.11,Ramlist,0.091,medium,56023,2.55,medium,9.0,3.74,2025-05-27
Titanium,phosphated,17.1,1.426,Vinkellist,0.079,high,92946,3.0,large,7.0,3.09,2025-03-13
Aluminium,wet painted,31.8,1.724,Pärlspont,0.121,low,98555,3.95,micro,12.0,2.99,2025-05-20
Aluminium,Powder coated,38.5,1.609,Täckprofil,0.051,low,32374,3.49,micro,4.0,4.16,2025-01-27
Aluminium,plasma sprayed,21.3,0.859,Vinkellist,0.054,high,156473,3.52,medium,2.0,1.97,2025-01-29
Zinc,Powder coated,19.0,1.656,Glasningslist,0.133,medium,58798,3.19,micro,8.0,3.69,2025-09-28
Aluminium,phosphated,18.5,1.551,Sidoprofil,0.128,high,97822,3.63,small,2.0,3.0,2025-06-23
Copper,wet painted,22.7,1.548,Glasningslist,0.199,medium,129181,2.85,micro,2.0,2.45,2025-09-10
Iron,anodized,18.1,1.254,Clipsprofil,0.08,medium,52841,3.85,micro,10.0,3.8,2025-03-01
Nickel,hot-dip galvanized,31.7,1.2,Isolerprofil,0.089,high,78229,2.74,large,,3.35,2025-04-17
Aluminium,plasma sprayed,17.2,1.113,Glasningslist,0.067,medium,155499,3.59,large,8.0,1.98,2025-08-08
Titanium,wet painted,27.5,0.897,Tätningslist,0.188,low,132753,3.09,micro,12.0,2.39,2025-09-16
Aluminium,phosphated,38.8,1.045,Foglist,0.167,high,58328,3.74,medium,5.0,3.7,2025-05-26
Titanium,plasma sprayed,34.6,1.062,Sidoprofil,0.173,medium,61845,3.42,large,7.0,3.64,2025-02-21
Copper,electroplated,30.0,1.278,Hakprofilslist,0.185,low,111869,3.27,micro,2.0,2.76,2025-03-01
Titanium,Powder coated,22.8,1.518,L-profil,0.129,high,63973,2.82,large,8.0,3.6,2025-02-03
Nickel,hot-dip galvanized,30.2,1.269,Spröjsprofil,0.118,low,63274,3.56,micro,7.0,3.62,2025-04-06
Iron,phosphated,27.9,0.89,Ramlist,0.1,low,91199,4.1,large,5.0,3.12,2025-03-30
Titanium,electroplated,25.6,1.71,Z-profil,0.138,low,55397,3.86,large,8.0,3.75,2025-11-12
Titanium,blackening,18.8,1.696,Glaskil,0.118,medium,134811,2.65,small,4.0,2.35,2025-08-19
Iron,wet painted,36.2,1.552,Hakprofilslist,0.118,high,125444,3.15,micro,2.0,2.52,2025-10-02
Nickel,anodized,26.1,1.74,Mittpost,0.191,high,97124,4.02,micro,5.0,3.02,2025-09-03
Aluminium,plasma sprayed,20.2,1.333,H-profil,0.198,medium,55825,3.35,micro,4.0,3.75,2025-04-21
Titanium,Powder coated,24.2,1.714,Fönsterbleck,0.169,high,90104,3.6,micro,2.0,3.14,2025-08-22
Iron,plasma sprayed,25.3,0.906,Vinkellist,0.164,low,47343,4.0,large,3.0,3.9,2025-10-05
Copper,hot-dip galvanized,34.9,1.17,T-profil,0.152,high,74146,3.94,small,12.0,3.42,2025-06-15
Iron,wet painted,32.7,1.043,Karmprofil,0.075,medium,109561,3.35,small,6.0,2.8,2025-05-08
Copper,plasma sprayed,33.5,1.016,Kantprofil,0.059,low,134540,3.25,medium,9.0,2.35,2025-08-25
Nickel,Powder coated,16.0,0.965,J-profil,0.154,medium,139911,3.09,micro,2.0,2.26,2025-10-18
Aluminium,wet painted,25.4,1.404,Avvattningsprofil,0.159,low,82527,3.69,medium,5.0,3.27,2025-04-17
Iron,plasma sprayed,26.9,1.549,Korsprofil,0.057,low,85328,3.01,large,5.0,3.23,2025-05-08
Zinc,anodized,16.2,1.364,Ändprofil,0.189,high,69683,2.95,medium,6.0,3.5,2025-07-14
Titanium,phosphated,21.7,0.971,Isolerprofil,0.064,low,61783,3.12,micro,8.0,3.64,2025-12-05
Nickel,wet painted,33.3,1.576,Karmprofil,0.093,medium,39565,2.83,small,9.0,4.03,2025-05-23
Iron,phosphated,18.9,1.416,Bottenlist,0.151,high,55063,3.66,small,7.0,3.76,2025-04-21
Titanium,blackening,28.1,1.191,J-profil,0.075,medium,107952,3.53,micro,2.0,2.83,2025-03-31
Iron,wet painted,20.7,1.451,Tätningslist,0.058,low,48033,3.32,large,8.0,3.88,2025-09-08
Copper,anodized,16.0,1.074,Z-profil,0.1,medium,144496,3.17,micro,4.0,2.18,2025-10-07
Iron,phosphated,21.3,1.152,Foglist,0.165,medium,123338,4.0,large,7.0,2.55,2025-11-29
Zinc,electroplated,38.3,1.673,Täckprofil,0.112,low,69720,2.6,small,9.0,3.5,2025-08-12
Iron,Powder coated,34.3,1.102,Fönsterbåge,0.148,high,153780,3.77,large,8.0,2.01,2025-04-11
Iron,electroplated,37.9,1.265,Korsprofil,0.137,medium,141077,3.98,micro,11.0,2.24,2025-05-12
Zinc,plasma sprayed,27.0,1.648,Spröjsprofil,0.053,low,41547,3.26,micro,7.0,4.0,2025-01-13
Nickel,anodized,18.3,1.482,Glasningslist,0.198,high,56140,3.43,micro,10.0,3.74,2025-04-08
Iron,electroplated,28.4,0.894,Foglist,0.056,high,97449,4.05,large,10.0,3.01,2025-04-30
Zinc,wet painted,26.2,0.971,Ändprofil,0.195,high,53358,2.89,large,2.0,3.79,2025-10-20
Titanium,plasma sprayed,35.3,0.844,Distansprofil,0.132,medium,147529,3.38,large,2.0,2.13,2025-10-31
Copper,plasma sprayed,18.0,1.412,Clipsprofil,0.194,medium,67229,3.3,small,2.0,3.55,2025-07-18
Copper,electroplated,27.0,1.245,Innerbåge,0.067,medium,116471,2.96,medium,9.0,2.67,2025-01-01
Iron,blackening,19.2,0.96,Isolerprofil,0.124,high,123464,3.85,medium,11.0,2.55,2025-03-01
Nickel,electroplated,23.2,1.71,Hörnvinkel,0.075,medium,63662,3.98,micro,8.0,3.61,2025-09-07
Nickel,blackening,32.8,1.32,Karmprofil,0.058,low,118789,3.79,small,4.0,2.63,2025-05-20
Titanium,anodized,26.7,1.058,J-profil,0.143,medium,116964,2.86,large,3.0,2.67,2025-05-29
Iron,Powder coated,24.4,1.293,J-profil,0.081,medium,79656,2.69,micro,5.0,3.33,2025-02-13
Copper,electroplated,24.9,1.456,Kantskydd,0.138,high,109897,3.51,small,4.0,2.79,2025-07-05
Nickel,hot-dip galvanized,26.4,0.907,Kantskydd,0.067,medium,160180,2.64,micro,8.0,1.9,2025-04-18
Iron,blackening,33.9,1.087,Rörprofil,0.1,low,38341,3.62,small,11.0,4.06,2025-02-13
Nickel,electroplated,36.4,1.572,Ventilationslister,0.167,high,110509,3.39,small,9.0,2.78,2025-03-19
Zinc,phosphated,37.8,1.256,Karmprofil,0.116,low,159337,3.6,medium,7.0,1.92,2025-08-14
Nickel,wet painted,33.9,1.335,Mittpost,0.144,high,94254,3.49,micro,,3.07,2025-06-11
Copper,hot-dip galvanized,23.0,1.231,Kopplingsprofil,0.147,high,94169,3.22,large,7.0,3.07,2025-10-08
Aluminium,hot-dip galvanized,31.7,0.877,Innerbåge,0.177,medium,53359,2.87,medium,3.0,3.79,2025-09-10
Titanium,blackening,25.9,0.988,Avvattningsprofil,0.099,low,132164,3.04,medium,8.0,2.4,2025-05-12
Titanium,phosphated,21.6,1.243,Innerbåge,0.153,high,77022,3.38,large,12.0,3.37,2025-05-24
Copper,phosphated,35.2,1.028,Glasningslist,0.194,medium,49848,3.59,small,11.0,3.85,2025-09-23
Nickel,plasma sprayed,16.6,0.883,Glashållare,0.16,high,47378,3.79,large,8.0,3.9,2025-04-19
Iron,blackening,36.6,1.606,Ramlist,0.123,high,37719,3.77,micro,5.0,4.07,2025-07-13
Nickel,Powder coated,26.4,1.731,Anslagslist,0.145,high,67790,4.1,large,9.0,3.54,2025-02-04
Copper,wet painted,30.5,1.56,Ramlist,0.161,high,108386,3.0,small,5.0,2.82,2025-10-02
Titanium,anodized,31.0,1.615,Ramlist,0.142,high,147458,2.66,large,8.0,2.13,2025-07-06
Nickel,hot-dip galvanized,36.4,1.058,Ytterram,0.053,high,91060,3.1,small,5.0,3.12,2025-08-31
Titanium,anodized,30.5,1.712,Mittpost,0.079,medium,62637,3.73,small,6.0,3.63,2025-09-21
Iron,electroplated,29.9,1.017,Glashållare,0.172,high,33768,3.25,micro,8.0,4.14,2025-01-10
Titanium,electroplated,17.3,1.704,H-profil,0.091,low,56609,3.85,large,11.0,3.73,2025-06-15
Titanium,anodized,27.7,1.743,Ventilationslister,0.16,medium,98644,3.42,large,4.0,2.99,2025-01-29
Aluminium,electroplated,19.2,1.485,Glasningslist,0.106,low,122583,4.03,micro,11.0,2.57,2025-09-28
Aluminium,Powder coated,32.8,1.731,Pärlspont,0.128,high,104555,4.06,small,6.0,2.89,2025-03-28
Zinc,phosphated,27.6,1.356,T-profil,0.06,low,159306,2.66,large,12.0,1.92,2025-01-23
Aluminium,electroplated,31.5,1.074,U-profil,0.077,high,114199,3.28,micro,4.0,2.71,2025-07-29
Titanium,plasma sprayed,16.7,1.235,Droppnäsa,0.194,high,61018,3.52,small,6.0,3.66,2025-02-15
Copper,electroplated,17.7,1.378,Avvattningsprofil,0.184,medium,126637,2.96,micro,4.0,2.49,2025-01-28
Titanium,wet painted,32.3,0.904,Mittpost,0.148,medium,141195,3.2,large,12.0,2.24,2025-01-26
Copper,Powder coated,17.4,1.404,Kilspår,0.119,high,70141,3.63,micro,11.0,3.49,2025-09-23
Copper,wet painted,17.4,1.731,Ventilationslister,0.151,medium,105848,2.91,medium,12.0,2.86,2025-06-24
Aluminium,wet painted,16.0,1.01,Anslagslist,0.143,low,115865,3.51,small,8.0,2.69,2025-01-04
Nickel,plasma sprayed,37.9,1.559,Clipsprofil,0.135,medium,78960,3.66,medium,2.0,3.34,2025-11-07
Iron,Powder coated,32.8,1.664,Korsprofil,0.059,medium,138853,2.69,medium,10.0,2.28,2025-11-18
Aluminium,Powder coated,23.9,1.697,Hakprofil,0.145,low,82581,3.34,small,10.0,3.27,2025-03-08
Aluminium,blackening,22.6,1.712,Stödprofil,0.165,medium,145751,2.97,small,6.0,2.16,2025-05-15
Nickel,Powder coated,23.8,1.312,Distansprofil,0.199,high,148341,3.7,micro,10.0,2.11,2025-02-24
Iron,Powder coated,33.7,1.727,Innerbåge,0.052,low,33067,2.85,small,11.0,4.15,2025-01-31
Titanium,Powder coated,31.0,1.527,Avvattningsprofil,0.16,high,36195,3.97,medium,7.0,4.09,2025-03-15
Zinc,plasma sprayed,20.0,0.984,Kilspår,0.136,low,90326,3.24,medium,6.0,3.14,2025-01-19
Zinc,electroplated,19.8,1.272,Skenprofil,0.115,high,150442,2.86,large,4.0,2.07,2025-06-05
Titanium,blackening,18.0,1.491,Kantprofil,0.069,high,75268,3.25,small,12.0,3.4,2025-12-03
Aluminium,wet painted,31.0,1.063,Baslister,0.111,medium,72397,3.2,medium,12.0,3.45,2025-06-05
Iron,Powder coated,33.4,1.421,H-profil,0.103,high,47632,3.23,large,9.0,3.89,2025-05-27
Aluminium,hot-dip galvanized,21.9,1.444,Glasningslist,0.095,medium,46921,3.48,large,5.0,3.9,2025-03-28
Copper,electroplated,16.2,0.985,Mittpost,0.16,low,109170,3.38,micro,,2.8,2025-01-20
Aluminium,electroplated,17.6,1.352,Doldbeslag,0.155,high,50474,2.79,medium,4.0,3.84,2025-09-26
Aluminium,wet painted,38.1,1.54,U-profil,0.138,high,156657,2.65,micro,7.0,1.96,2025-11-29
Titanium,plasma sprayed,22.6,1.292,Glaskil,0.191,low,131489,3.71,medium,9.0,2.41,2025-02-12
Titanium,anodized,33.5,0.848,Vinkellist,0.102,low,72802,3.44,micro,10.0,3.45,2025-11-02
Titanium,anodized,30.2,0.845,Baslister,0.087,high,68974,3.12,micro,7.0,3.51,2025-01-28
Zinc,electroplated,24.6,1.162,Hakprofil,0.148,low,69560,3.84,small,6.0,3.5,2025-09-17
Copper,phosphated,20.5,1.681,Mittpost,0.08,medium,74798,3.17,micro,12.0,3.41,2025-01-22
Titanium,phosphated,18.5,1.046,T-profil,0.097,low,99909,3.82,small,3.0,2.97,2025-04-11
Iron,wet painted,30.0,1.415,Skarvprofil,0.084,low,81764,3.04,large,3.0,3.29,2025-02-08
Zinc,anodized,33.7,1.04,Spröjsprofil,0.06,high,104105,2.67,medium,10.0,2.89,2025-10-17
Nickel,electroplated,30.6,1.13,Kantprofil,0.174,medium,97219,4.03,large,3.0,3.01,2025-12-19
Iron,plasma sprayed,28.0,1.61,Skenprofil,0.088,low,160864,3.18,medium,,1.89,2025-10-27
Iron,anodized,16.7,1.501,Sidoprofil,0.121,medium,86769,3.81,large,4.0,3.2,2025-06-19
Titanium,electroplated,38.1,0.924,Ändprofil,0.056,medium,49494,2.99,medium,4.0,3.86,2025-10-23
Nickel,electroplated,34.2,1.228,Mittpost,0.155,medium,59111,3.58,micro,5.0,3.69,2025-12-19
Nickel,Powder coated,22.5,0.864,H-profil,0.1,high,104677,3.94,medium,8.0,2.88,2025-05-10
Zinc,plasma sprayed,38.4,1.275,Korsprofil,0.162,low,158037,2.62,medium,10.0,1.94,2025-06-05
Nickel,Powder coated,29.7,1.441,Korsprofil,0.112,high,76023,3.87,large,3.0,3.39,2025-03-15
Copper,wet painted,29.2,0.945,Z-profil,0.079,low,132636,3.46,large,5.0,2.39,2025-12-08
Titanium,Powder coated,33.0,1.1,L-profil,0.127,low,107535,3.52,large,10.0,2.83,2025-03-31
Nickel,hot-dip galvanized,34.5,1.2,Täckprofil,0.07,high,143341,3.38,small,3.0,2.2,2025-03-08
Zinc,Powder coated,30.9,1.675,Z-profil,0.116,medium,108598,3.94,small,11.0,2.81,2025-08-24
Copper,hot-dip galvanized,18.7,1.742,Täckprofil,0.098,medium,91538,2.62,medium,12.0,3.12,2025-07-19
Aluminium,anodized,23.6,0.878,Doldbeslag,0.187,low,160653,2.97,medium,2.0,1.89,2025-11-28
Aluminium,phosphated,37.2,1.53,Rörprofil,0.059,high,137733,3.94,micro,11.0,2.3,2025-08-15
Copper,blackening,20.9,1.176,Kilspår,0.154,medium,149693,3.75,micro,9.0,2.09,2025-12-14
Zinc,blackening,24.3,1.195,Karmprofil,0.077,medium,139392,2.58,medium,10.0,2.27,2025-08-21
Copper,electroplated,25.7,1.524,H-profil,0.098,low,34447,3.37,small,8.0,4.13,2025-09-23
Titanium,blackening,25.9,1.674,Korsprofil,0.112,low,131219,3.39,medium,9.0,2.41,2025-03-27
Titanium,hot-dip galvanized,29.9,1.703,Sidoprofil,0.186,high,131551,3.19,micro,5.0,2.41,2025-04-12
Aluminium,plasma sprayed,37.6,1.363,Sidoprofil,0.086,low,70745,3.02,small,,3.48,2025-08-02
Nickel,Powder coated,21.3,1.162,Baslister,0.064,medium,86103,3.63,small,3.0,3.21,2025-04-18
Zinc,hot-dip galvanized,18.5,1.555,Skarvprofil,0.098,medium,159553,2.88,micro,9.0,1.91,2025-06-14
Aluminium,plasma sprayed,20.3,1.066,H-profil,0.066,medium,93408,3.82,medium,12.0,3.08,2025-04-01
Nickel,phosphated,36.3,1.351,Distansprofil,0.069,medium,138470,3.83,large,3.0,2.29,2025-07-11
Nickel,blackening,30.7,1.164,Spröjsprofil,0.136,high,34313,3.21,medium,10.0,4.13,2025-12-01
Titanium,phosphated,22.3,1.435,Karmprofil,0.059,high,117917,3.0,medium,,2.65,2025-03-27
Iron,blackening,34.6,1.056,Anslagslist,0.055,low,114710,3.0,micro,2.0,2.71,2025-08-10
Iron,Powder coated,35.7,1.012,Glaskil,0.157,low,85802,3.32,small,5.0,3.22,2025-12-29
Copper,wet painted,35.3,1.674,J-profil,0.104,low,149416,3.69,micro,4.0,2.09,2025-04-11
Titanium,Powder coated,37.0,0.93,Hakprofilslist,0.069,high,70055,3.12,medium,7.0,3.5,2025-08-14
Nickel,anodized,21.6,1.298,Fönsterbåge,0.088,medium,41033,3.52,large,8.0,4.01,2025-12-30
Zinc,hot-dip galvanized,33.2,1.038,Kopplingsprofil,0.146,low,41779,3.16,large,9.0,4.0,2025-03-01
Iron,electroplated,26.4,0.873,Dekorlist,0.091,medium,107661,3.03,large,3.0,2.83,2025-09-07
Nickel,wet painted,35.2,0.87,J-profil,0.124,low,53604,2.59,micro,7.0,3.79,2025-02-17
Iron,Powder coated,32.6,0.997,Droppnäsa,0.068,low,67994,2.56,small,7.0,3.53,2025-04-27
Iron,plasma sprayed,33.7,1.627,Pärlspont,0.138,low,156532,2.91,micro,11.0,1.97,2025-08-15
Iron,wet painted,30.9,1.095,Skenprofil,0.097,low,137886,3.2,large,6.0,2.3,2025-12-28
Zinc,hot-dip galvanized,19.8,1.703,Karmprofil,0.144,low,113471,3.9,medium,11.0,2.73,2025-02-02
Titanium,blackening,28.3,1.367,Kantprofil,0.171,medium,146451,3.82,small,11.0,2.14,2025-02-13
Zinc,wet painted,38.5,1.235,Mittpost,0.142,low,118596,2.97,micro,8.0,2.64,2025-06-14
Aluminium,blackening,37.4,1.366,Doldbeslag,0.094,medium,41790,2.94,micro,4.0,4.0,2025-12-11
Nickel,hot-dip galvanized,16.7,1.308,Kantskydd,0.088,high,53552,2.91,small,5.0,3.79,2025-10-19
Titanium,Powder coated,19.5,1.528,Hörnvinkel,0.099,low,137590,3.09,small,11.0,2.3,2025-12-03
Titanium,hot-dip galvanized,18.8,1.095,Glaskil,0.075,medium,39162,3.34,medium,10.0,4.04,2025-12-10
Titanium,wet painted,32.5,1.159,Pärlspont,0.077,high,142763,3.25,small,5.0,2.21,2025-10-14
Titanium,plasma sprayed,34.7,1.652,Mittpost,0.169,high,102259,2.9,medium,4.0,2.93,2025-12-30
Zinc,phosphated,20.7,1.699,Glashållare,0.108,high,42750,2.76,large,3.0,3.98,2025-08-13
Titanium,wet painted,27.4,1.65,Fönsterbleck,0.115,medium,88322,2.57,large,6.0,3.17,2025-10-13
Copper,hot-dip galvanized,35.2,1.219,Baslister,0.139,low,160198,2.79,micro,5.0,1.9,2025-07-23
Nickel,phosphated,32.7,1.548,Karmlist,0.138,low,94291,3.67,large,9.0,3.07,2025-06-21
Titanium,hot-dip galvanized,28.3,1.271,Ramlist,0.06,medium,73227,2.94,large,8.0,3.44,2025-01-12
Nickel,plasma sprayed,29.4,1.29,Mittpost,0.175,low,132677,3.3,medium,7.0,2.39,2025-11-03
Copper,hot-dip galvanized,27.5,1.024,Skruvkanal,0.077,medium,120390,3.49,micro,12.0,2.61,2025-05-01
Copper,Powder coated,22.6,1.376,Ändprofil,0.158,low,82153,3.96,small,3.0,3.28,2025-09-01
Nickel,electroplated,28.8,1.007,Sidoprofil,0.166,high,64126,3.96,micro,4.0,3.6,2025-06-01
Iron,blackening,31.7,1.139,Hörnvinkel,0.157,low,75179,3.74,large,11.0,3.4,2025-06-01
Aluminium,blackening,35.9,1.616,Isolerprofil,0.137,medium,89565,2.61,small,10.0,3.15,2025-07-07
Iron,wet painted,30.5,1.026,Doldbeslag,0.052,medium,104661,3.46,micro,10.0,2.88,2025-01-13
Iron,electroplated,33.3,0.902,Isolerprofil,0.104,high,141256,3.8,micro,6.0,2.24,2025-04-01
Zinc,hot-dip galvanized,19.4,0.9,Foglist,0.141,medium,110290,2.58,micro,4.0,2.78,2025-07-19
Iron,plasma sprayed,26.4,1.694,Sidoprofil,0.108,low,122087,3.42,micro,3.0,2.58,2025-03-15
Titanium,wet painted,15.9,1.299,Sidoprofil,0.18,low,118484,3.91,medium,9.0,2.64,2025-09-13
Zinc,hot-dip galvanized,21.4,1.21,T-profil,0.096,high,73036,3.3,micro,7.0,3.44,2025-10-03
Zinc,phosphated,32.5,1.576,Ytterram,0.094,medium,56830,2.56,large,11.0,3.73,2025-11-24
Copper,anodized,38.7,1.598,Mittpost,0.09,high,110352,2.57,large,12.0,2.78,2025-11-25
Iron,hot-dip galvanized,18.0,1.14,Skenprofil,0.1,low,79358,3.21,medium,,3.33,2025-03-12
Copper,electroplated,25.0,1.469,Vinkellist,0.134,high,138380,2.8,small,2.0,2.29,2025-03-19
Nickel,wet painted,34.2,1.54,Glaskil,0.156,medium,106394,3.61,small,2.0,2.85,2025-10-11
Aluminium,electroplated,20.4,1.433,Glasningslist,0.149,high,106555,3.68,large,11.0,2.85,2025-05-10
Zinc,wet painted,28.6,0.975,Kopplingsprofil,0.171,medium,37186,2.83,large,3.0,4.08,2025-02-12
Nickel,hot-dip galvanized,32.7,1.635,Kilspår,0.183,medium,158898,3.96,medium,11.0,1.92,2025-01-08
Nickel,Powder coated,30.0,1.328,Bottenlist,0.172,low,126021,3.25,small,4.0,2.51,2025-01-13
Titanium,phosphated,20.1,1.095,Avvattningsprofil,0.053,low,150923,2.78,small,2.0,2.07,2025-08-01
Aluminium,hot-dip galvanized,24.0,1.225,Glashållare,0.16,low,69687,3.77,micro,6.0,3.5,2025-04-21
Nickel,blackening,33.9,0.871,L-profil,0.081,medium,53875,3.81,micro,4.0,3.78,2025-10-18
Nickel,electroplated,28.6,0.954,Skenprofil,0.07,high,144560,3.57,micro,2.0,2.18,2025-01-23
Aluminium,anodized,15.8,1.534,Mittpost,0.146,medium,140949,3.91,medium,9.0,2.24,2025-10-29
Aluminium,anodized,33.3,0.837,H-profil,0.098,low,71943,3.72,large,12.0,3.46,2025-09-11
Nickel,plasma sprayed,16.5,1.217,Hörnvinkel,0.059,low,42400,3.95,medium,7.0,3.98,2025-01-15
Aluminium,wet painted,33.0,1.313,Hakprofilslist,0.071,high,92656,3.24,small,10.0,3.1,2025-05-10
Nickel,electroplated,20.4,0.887,Foglist,0.05,low,40156,3.74,large,4.0,4.02,2025-03-02
Nickel,plasma sprayed,37.9,1.723,L-profil,0.185,low,70469,4.14,micro,10.0,3.49,2025-04-25
Titanium,electroplated,24.2,1.043,Avvattningsprofil,0.054,low,61104,3.7,medium,10.0,3.65,2025-11-16
Iron,blackening,23.3,1.114,Mittpost,0.081,high,68090,2.73,medium,2.0,3.53,2025-11-04
Nickel,wet painted,19.2,1.114,Kantskydd,0.112,medium,63288,3.37,micro,4.0,3.61,2025-11-21
Copper,hot-dip galvanized,22.8,1.047,Droppnäsa,0.103,low,142279,3.48,medium,,2.22,2025-03-08
Zinc,hot-dip galvanized,36.0,0.839,L-profil,0.187,high,108748,2.83,micro,9.0,2.81,2025-09-06
Iron,anodized,38.8,1.502,Droppnäsa,0.056,low,70806,4.08,small,5.0,3.48,2025-06-24
Iron,hot-dip galvanized,24.2,1.718,Innerbåge,0.127,high,145730,2.83,large,6.0,2.16,2025-12-05
Iron,hot-dip galvanized,26.1,1.042,Glashållare,0.152,low,120204,2.83,small,10.0,2.61,2025-01-02
Titanium,blackening,32.4,1.441,Glasningslist,0.19,high,99606,4.01,small,7.0,2.97,2025-06-21
Nickel,Powder coated,36.2,1.513,Hakprofil,0.143,low,44605,3.29,micro,8.0,3.95,2025-11-30
Titanium,anodized,29.5,1.61,Ramlist,0.171,medium,42269,2.65,medium,8.0,3.99,2025-10-11
Nickel,plasma sprayed,24.8,1.222,Ventilationslister,0.063,low,44704,3.5,small,5.0,3.94,2025-02-23
Titanium,phosphated,25.3,1.113,Spröjsprofil,0.108,high,41289,3.51,small,5.0,4.0,2025-03-08
Titanium,Powder coated,31.8,1.134,Clipsprofil,0.106,low,97605,2.65,small,5.0,3.01,2025-04-12
Zinc,plasma sprayed,15.8,1.486,J-profil,0.183,medium,68283,4.1,medium,12.0,3.53,2025-04-30
Copper,wet painted,30.1,5.166144,Isolerprofil,0.073,low,142584,3.42,medium,6.0,2.21,2025-07-10
Titanium,Powder coated,24.0,1.003,L-profil,0.073,high,71762,3.44,micro,6.0,3.47,2025-10-31
Zinc,blackening,34.1,1.175,F-profil,0.099,high,51660,3.38,small,9.0,3.82,2025-02-16
Aluminium,plasma sprayed,17.9,1.659,Ventilationslister,0.058,medium,117957,3.52,large,10.0,2.65,2025-08-10
Copper,wet painted,29.3,1.572,Ytterram,0.077,high,58587,2.97,medium,3.0,3.7,2025-01-21
Titanium,anodized,26.9,1.734,Karmlist,0.195,low,97772,3.01,micro,12.0,3.01,2025-06-07
Iron,phosphated,30.6,1.524,Clipsprofil,0.114,low,147740,3.36,small,8.0,2.12,2025-12-14
Aluminium,wet painted,17.2,1.195,Karmlist,0.145,low,141265,3.83,large,,2.24,2025-06-08
Aluminium,hot-dip galvanized,29.1,1.375,Tätningslist,0.159,high,93613,2.63,medium,2.0,3.08,2025-08-23
Zinc,electroplated,28.7,1.439,Rörprofil,0.105,low,66460,3.51,large,5.0,3.56,2025-05-30
Aluminium,wet painted,28.7,0.909,Kilspår,0.072,low,39089,3.83,medium,11.0,4.04,2025-09-14
Copper,wet painted,29.7,1.333,Ventilationslister,0.081,low,59481,2.8,micro,8.0,3.68,2025-06-14
Titanium,phosphated,31.4,1.483,H-profil,0.097,medium,46685,2.57,large,3.0,3.91,2025-03-18
Titanium,electroplated,34.4,0.99,Ramlist,0.145,high,114897,3.05,small,12.0,2.7,2025-03-26
Iron,hot-dip galvanized,22.0,1.548,Anslagslist,0.11,high,97941,3.49,small,3.0,3.0,2025-02-15
Zinc,plasma sprayed,34.8,1.369,F-profil,0.051,high,76547,2.77,medium,2.0,3.38,2025-02-16
Iron,plasma sprayed,27.3,1.704,Doldbeslag,0.129,medium,118973,3.23,small,11.0,2.63,2025-08-01
Aluminium,wet painted,17.5,0.876,Dekorlist,0.188,high,132550,3.43,large,3.0,2.39,2025-02-28
Iron,blackening,17.1,1.079,Sidoprofil,0.172,medium,37844,3.5,micro,8.0,4.06,2025-02-23
Copper,blackening,23.5,1.385,Sidoprofil,0.174,medium,148083,2.99,medium,10.0,2.12,2025-12-08
Titanium,electroplated,33.9,1.107,U-profil,0.169,high,45575,3.19,large,7.0,3.93,2025-01-12
Aluminium,electroplated,32.1,1.488,Innerbåge,0.099,low,137589,3.79,medium,11.0,2.3,2025-07-11
Iron,hot-dip galvanized,34.0,1.529,Karmlist,0.165,low,95548,4.05,micro,,3.04,2025-01-06
Zinc,phosphated,27.7,0.931,Skruvkanal,0.071,high,66850,3.92,medium,11.0,3.55,2025-11-05
Copper,anodized,25.9,1.305,Glasningslist,0.149,high,85993,3.45,small,11.0,3.21,2025-05-24
Copper,plasma sprayed,19.1,1.301,Kantskydd,0.146,medium,51941,3.2,small,10.0,3.82,2025-12-12
Iron,phosphated,23.3,1.174,Tätningslist,0.054,high,104049,3.08,medium,8.0,2.89,2025-09-18
Titanium,Powder coated,25.8,1.687,Ventilationslister,0.168,medium,157177,2.75,micro,12.0,1.95,2025-03-14
Iron,plasma sprayed,17.8,1.591,Skruvkanal,0.185,high,112321,2.72,micro,2.0,2.75,2025-06-23
Aluminium,phosphated,20.8,1.472,J-profil,0.09,low,47905,3.64,small,10.0,3.89,2025-08-20
Iron,plasma sprayed,29.6,1.488,Glashållare,0.172,low,135473,2.96,micro,3.0,2.34,2025-09-27
Copper,anodized,32.8,1.258,F-profil,0.062,high,83013,2.95,medium,5.0,3.27,2025-12-28
Iron,Powder coated,38.8,1.676,H-profil,0.14,medium,52690,4.14,large,10.0,3.8,2025-08-10
Titanium,blackening,37.3,1.47,Hakprofilslist,0.123,low,107703,2.85,medium,5.0,2.83,2025-02-21
Zinc,blackening,30.6,1.501,Anslagslist,0.132,medium,90766,2.79,small,4.0,3.13,2025-04-26
Nickel,anodized,25.5,1.622,Droppnäsa,0.189,high,36281,2.71,small,2.0,4.09,2025-01-26
Iron,hot-dip galvanized,30.4,1.087,Glasningslist,0.181,high,41793,3.47,small,8.0,4.0,2025-02-22
Titanium,Powder coated,33.9,1.572,Isolerprofil,0.168,low,103518,3.55,micro,7.0,2.9,2025-12-31
Titanium,wet painted,18.5,1.015,Baslister,0.091,high,103618,3.13,medium,11.0,2.9,2025-01-29
Zinc,phosphated,25.2,1.152,Karmprofil,0.187,low,147931,3.4,large,,2.12,2025-01-19
Copper,Powder coated,35.2,1.143,Hörnvinkel,0.065,medium,151538,3.8,medium,7.0,2.05,2025-10-30
Titanium,hot-dip galvanized,24.6,1.728,Korsprofil,0.178,low,127635,3.85,large,7.0,2.48,2025-10-06
Titanium,hot-dip galvanized,29.0,1.617,Vinkellist,0.099,low,139741,4.07,medium,5.0,2.26,2025-04-27
Titanium,anodized,29.3,1.476,Doldbeslag,0.058,medium,49284,3.86,small,7.0,3.86,2025-04-16
Titanium,plasma sprayed,20.0,1.499,Sidoprofil,0.15,low,157880,3.45,large,,1.94,2025-11-05
Aluminium,Powder coated,24.1,1.349,Dekorlist,0.085,low,143616,2.84,medium,,2.19,2025-08-15
Aluminium,phosphated,23.5,1.7,Glaskil,0.087,high,55060,2.71,micro,9.0,3.76,2025-12-18
Copper,Powder coated,16.3,1.289,Distansprofil,0.096,medium,123829,2.64,micro,4.0,2.54,2025-07-05
Iron,electroplated,16.3,1.184,Tätningslist,0.06,low,33824,3.61,medium,5.0,4.14,2025-09-18
Titanium,plasma sprayed,35.0,0.986,Ändprofil,0.077,medium,150754,3.83,small,11.0,2.07,2025-01-16
Zinc,phosphated,22.0,1.553,Glaskil,0.051,medium,81702,3.36,large,2.0,3.29,2025-09-30
Iron,blackening,27.7,1.506,Droppnäsa,0.117,low,123956,2.64,medium,5.0,2.54,2025-06-09
Zinc,phosphated,22.6,1.187,Bottenlist,0.063,high,97914,3.4,micro,12.0,3.0,2025-12-24
Iron,wet painted,37.5,0.86,Glasningslist,0.152,medium,68191,4.04,large,11.0,3.53,2025-09-07
Copper,anodized,21.7,1.601,Hakprofil,0.085,low,123309,3.5,micro,11.0,2.55,2025-08-12
Titanium,wet painted,25.7,0.848,Skenprofil,0.192,medium,72132,3.84,micro,10.0,3.46,2025-09-13
Titanium,phosphated,35.9,1.478,Z-profil,0.181,high,78136,3.82,medium,9.0,3.35,2025-06-29
Nickel,plasma sprayed,35.2,1.721,Glashållare,0.093,high,106253,4.03,micro,12.0,2.86,2025-01-20
Zinc,Powder coated,20.0,1.236,Baslister,0.167,high,45662,3.77,large,,3.93,2025-04-22
Iron,blackening,34.3,1.051,Hakprofil,0.17,low,99045,3.74,small,8.0,2.98,2025-04-30
Iron,Powder coated,26.3,1.479,Korsprofil,0.198,low,70221,2.92,medium,11.0,3.49,2025-07-13
Aluminium,plasma sprayed,26.9,1.581,Z-profil,0.14,high,102734,2.65,large,4.0,2.92,2025-04-21
Nickel,phosphated,18.8,1.335,Bottenlist,0.062,low,160017,3.37,medium,10.0,1.9,2025-07-29
Aluminium,hot-dip galvanized,17.6,1.718,Korsprofil,0.147,high,50862,2.75,micro,11.0,3.83,2025-01-01
Aluminium,Powder coated,32.6,0.884,Vinkellist,0.144,low,96810,4.08,micro,5.0,3.02,2025-02-27
Aluminium,hot-dip galvanized,27.2,1.297,Kantprofil,0.146,high,108707,3.01,large,3.0,2.81,2025-04-03
Zinc,Powder coated,25.8,1.492,Karmprofil,0.096,medium,39910,3.91,large,11.0,4.03,2025-08-09
Zinc,Powder coated,32.6,1.623,T-profil,0.179,high,141681,3.17,small,6.0,2.23,2025-07-30
Copper,blackening,33.4,1.001,Glaskil,0.194,high,125218,3.06,large,3.0,2.52,2025-08-20
Copper,anodized,19.4,1.566,Skruvkanal,0.083,low,48091,4.04,large,11.0,3.88,2025-09-19
Aluminium,anodized,29.8,1.341,Fönsterbleck,0.063,low,90347,3.13,medium,7.0,3.14,2025-12-30
Nickel,electroplated,18.9,1.198,J-profil,0.079,low,133148,3.17,micro,12.0,2.38,2025-04-13
Iron,wet painted,33.1,0.957,H-profil,0.173,low,136126,2.72,large,11.0,2.33,2025-02-19
Zinc,plasma sprayed,30.9,1.625,Glashållare,0.151,low,100206,3.62,small,2.0,2.96,2025-04-20
Nickel,plasma sprayed,37.9,0.98,Dekorlist,0.145,low,51965,3.01,large,7.0,3.82,2025-03-29
Titanium,plasma sprayed,17.3,1.119,Fönsterbleck,0.11,medium,102546,3.48,micro,5.0,2.92,2025-01-20
Zinc,electroplated,17.0,1.101,Foglist,0.137,high,98164,3.49,large,4.0,3.0,2025-01-14
Zinc,anodized,22.3,1.631,Hakprofil,0.096,high,78751,3.69,medium,3.0,3.34,2025-05-13
Copper,phosphated,21.8,1.45,Distansprofil,0.122,high,136183,3.73,micro,8.0,2.33,2025-10-23
Iron,hot-dip galvanized,21.4,1.563,Foglist,0.169,medium,118448,3.37,large,10.0,2.64,2025-02-03
Iron,blackening,36.7,1.065,Glasningslist,0.197,high,78190,3.08,medium,4.0,3.35,2025-07-27
Titanium,hot-dip galvanized,21.5,1.406,Z-profil,0.19,medium,39094,3.88,micro,7.0,4.04,2025-10-28
Titanium,phosphated,22.0,1.358,Karmlist,0.19,medium,65188,3.04,large,10.0,3.58,2025-07-18
Zinc,blackening,33.3,1.596,Kantskydd,0.11,medium,39049,3.36,medium,3.0,4.04,2025-03-21
Aluminium,electroplated,26.1,1.662,Avvattningsprofil,0.12,high,78831,3.19,small,8.0,3.34,2025-03-12
Copper,phosphated,33.7,0.848,Innerbåge,0.156,medium,147952,3.91,medium,6.0,2.12,2025-06-04
Copper,plasma sprayed,17.2,1.451,Karmprofil,0.188,high,52908,3.24,small,6.0,3.8,2025-03-19
Zinc,wet painted,27.0,0.884,F-profil,0.071,high,113286,3.16,large,12.0,2.73,2025-03-19
Nickel,Powder coated,16.5,1.337,Anslagslist,0.096,low,101511,3.65,medium,8.0,2.94,2025-06-21
Aluminium,hot-dip galvanized,17.2,1.099,Sidoprofil,0.071,low,152682,3.51,small,10.0,2.03,2025-10-16
Zinc,anodized,36.7,1.117,Ändprofil,0.142,medium,116296,2.72,micro,5.0,2.68,2025-02-02
Aluminium,anodized,18.9,1.159,Kilspår,0.096,medium,88317,3.36,medium,10.0,3.17,2025-10-27
Aluminium,electroplated,28.0,1.403,Hörnvinkel,0.099,high,136247,3.72,large,12.0,2.32,2025-10-03
Aluminium,blackening,25.2,1.141,Kantprofil,0.061,medium,89976,4.13,micro,11.0,3.14,2025-01-07
Zinc,anodized,23.8,1.505,Korsprofil,0.102,medium,43860,3.55,small,10.0,3.96,2025-06-09
Copper,plasma sprayed,36.6,1.206,Rörprofil,0.179,high,86701,3.14,medium,5.0,3.2,2025-08-28
Copper,hot-dip galvanized,16.2,0.9,Täckprofil,0.085,medium,82768,2.91,medium,4.0,3.27,2025-01-24
Aluminium,phosphated,31.1,1.551,Ventilationslister,0.154,medium,148184,3.94,large,3.0,2.11,2025-08-02
Nickel,plasma sprayed,38.0,1.098,Ytterram,0.144,high,64763,3.85,micro,10.0,3.59,2025-03-11
Iron,electroplated,28.7,1.231,Kilspår,0.18,high,63963,2.92,medium,3.0,3.6,2025-08-04
Zinc,plasma sprayed,37.4,1.462,Anslagslist,0.07,low,145987,2.87,medium,7.0,2.15,2025-04-14
Iron,phosphated,16.9,1.14,J-profil,0.197,high,101006,3.69,micro,6.0,2.95,2025-08-03
Nickel,wet painted,25.4,0.889,Ändprofil,0.137,low,91073,3.05,medium,6.0,3.12,2025-02-23
Zinc,electroplated,21.7,1.178,Skarvprofil,0.199,medium,65423,3.04,micro,5.0,3.58,2025-10-21
Aluminium,wet painted,32.6,1.697,Doldbeslag,0.187,high,126646,2.79,micro,7.0,2.49,2025-11-26
Copper,Powder coated,38.4,1.422,Kopplingsprofil,0.083,high,42018,2.97,micro,6.0,3.99,2025-12-02
Iron,wet painted,21.7,1.449,Rörprofil,0.058,high,159077,3.23,large,12.0,1.92,2025-07-22
Titanium,Powder coated,30.9,1.413,Täckprofil,0.088,medium,94937,3.72,micro,5.0,3.06,2025-10-15
Titanium,Powder coated,20.3,1.018,Ändprofil,0.129,low,32328,3.08,micro,,4.16,2025-02-14
Nickel,wet painted,28.8,1.218,Kantskydd,0.076,medium,94670,3.07,small,7.0,3.06,2025-11-13
Aluminium,electroplated,26.5,1.521,Ventilationslister,0.075,medium,79899,3.0,small,12.0,3.32,2025-07-17
Iron,blackening,38.2,0.93,T-profil,0.119,high,49697,3.31,large,11.0,3.86,2025-08-04
Aluminium,phosphated,29.8,1.09,Pärlspont,0.055,low,141498,2.84,micro,11.0,2.23,2025-11-05
Iron,plasma sprayed,23.8,1.089,Glasningslist,0.068,medium,139623,3.32,small,11.0,2.27,2025-11-28
Nickel,plasma sprayed,18.4,1.231,Avvattningsprofil,0.112,high,77706,3.67,small,4.0,3.36,2025-07-03
Nickel,phosphated,19.2,1.73,Hakprofil,0.059,medium,79957,2.6,medium,11.0,3.32,2025-01-27
Titanium,hot-dip galvanized,20.9,0.899,Täckprofil,0.11,medium,99860,2.57,micro,7.0,2.97,2025-06-15
Aluminium,hot-dip galvanized,21.5,1.31,Mittpost,0.121,high,155478,2.67,small,2.0,1.98,2025-11-14
Zinc,Powder coated,35.4,1.001,Fönsterbåge,0.118,high,136443,3.4,large,,2.32,2025-10-01
Titanium,Powder coated,28.7,1.721,Täckprofil,0.18,low,157045,3.91,medium,11.0,1.96,2025-12-31
Aluminium,electroplated,27.8,0.94,U-profil,0.13,medium,159196,2.56,medium,7.0,1.92,2025-04-13
Titanium,anodized,18.4,1.205,Kilspår,0.12,high,45803,4.04,micro,12.0,3.92,2025-11-29
Zinc,wet painted,35.6,1.509,Glaskil,0.112,high,87243,2.72,micro,9.0,3.19,2025-04-14
Copper,Powder coated,32.5,1.479,Ramlist,0.173,low,108139,3.89,medium,12.0,2.82,2025-09-02
Copper,plasma sprayed,17.3,1.222,Distansprofil,0.184,low,114974,3.32,large,10.0,2.7,2025-11-01
Copper,electroplated,32.1,1.153,Anslagslist,0.178,high,57645,3.6,micro,12.0,3.71,2025-06-18
Copper,wet painted,28.3,1.199,Dekorlist,0.151,low,150723,3.36,micro,4.0,2.07,2025-04-26
Iron,electroplated,17.6,1.078,Clipsprofil,0.071,high,82690,3.31,medium,3.0,3.27,2025-05-21
Copper,wet painted,26.3,1.024,T-profil,0.092,medium,127341,3.88,medium,5.0,2.48,2025-12-22
Zinc,wet painted,26.9,1.277,Ytterram,0.057,low,91857,3.75,micro,9.0,3.11,2025-05-05
Nickel,phosphated,19.6,1.082,Rörprofil,0.19,medium,97354,3.32,small,12.0,3.01,2025-01-25
Nickel,Powder coated,37.6,1.099,Isolerprofil,0.149,medium,34206,2.73,micro,9.0,4.13,2025-07-13
Iron,blackening,35.4,1.435,J-profil,0.162,medium,72467,2.73,small,4.0,3.45,2025-04-10
Copper,electroplated,31.2,1.719,Hörnvinkel,0.097,high,40261,3.82,medium,5.0,4.02,2025-01-05
Copper,blackening,26.4,1.387,Pärlspont,0.177,medium,58440,3.39,small,,3.7,2025-01-19
Copper,electroplated,25.3,0.907,Anslagslist,0.089,medium,156398,3.32,large,11.0,1.97,2025-06-19
Titanium,phosphated,30.8,0.906,Isolerprofil,0.05,medium,151589,3.63,medium,3.0,2.05,2025-10-01
Aluminium,plasma sprayed,28.3,1.704,Kantprofil,0.106,high,91001,3.92,micro,5.0,3.12,2025-09-11
Titanium,blackening,17.2,1.108,Isolerprofil,0.136,medium,109867,3.55,micro,7.0,2.79,2025-05-01
Aluminium,plasma sprayed,27.6,0.921,Innerbåge,0.122,medium,112964,3.76,medium,12.0,2.74,2025-02-01
Copper,hot-dip galvanized,34.4,1.383,Innerbåge,0.179,low,113499,3.77,medium,12.0,2.73,2025-05-29
Copper,Powder coated,26.4,1.405,Skenprofil,0.066,high,132064,3.12,large,6.0,2.4,2025-09-23
Titanium,Powder coated,16.9,1.428,Kopplingsprofil,0.133,medium,113518,2.99,medium,,2.73,2025-02-06
Titanium,anodized,33.9,1.081,Bottenlist,0.127,low,154657,3.82,micro,3.0,2.0,2025-06-26
Aluminium,phosphated,20.4,0.851,L-profil,0.092,high,113029,3.15,large,10.0,2.74,2025-12-08
Nickel,plasma sprayed,21.7,1.716,Täckprofil,0.173,high,60861,3.99,micro,2.0,3.66,2025-01-13
Aluminium,wet painted,19.5,1.066,Droppnäsa,0.163,high,82868,2.66,small,10.0,3.27,2025-07-02
Titanium,electroplated,23.4,1.453,Kopplingsprofil,0.16,high,141649,2.64,medium,2.0,2.23,2025-05-25
Zinc,Powder coated,33.2,1.481,Pärlspont,0.181,high,105602,4.02,small,8.0,2.87,2025-09-22
Titanium,blackening,27.7,1.393,Karmprofil,0.158,high,127680,3.58,micro,7.0,2.48,2025-03-29
Zinc,electroplated,20.5,1.122,Karmprofil,0.085,medium,127268,3.15,small,8.0,2.48,2025-02-15
Iron,electroplated,36.0,1.084,Droppnäsa,0.156,medium,61804,3.75,small,4.0,3.64,2025-04-29
Titanium,anodized,36.1,1.382,F-profil,0.096,medium,148416,3.62,micro,4.0,2.11,2025-01-19
Iron,plasma sprayed,35.9,1.626,Korsprofil,0.086,medium,69446,3.39,micro,,3.51,2025-08-08
Nickel,Powder coated,21.3,1.699,Ramlist,0.061,low,72597,2.71,medium,2.0,3.45,2025-08-21
Aluminium,electroplated,26.2,0.934,Foglist,0.162,medium,118694,3.84,small,5.0,2.64,2025-04-04
Zinc,Powder coated,38.5,0.978,Ramlist,0.157,high,159473,3.93,large,3.0,1.91,2025-09-08
Aluminium,wet painted,33.6,1.698,Foglist,0.085,medium,158242,2.82,large,11.0,1.94,2025-09-07
Iron,anodized,16.4,1.508,Kopplingsprofil,0.162,medium,100907,3.9,micro,9.0,2.95,2025-10-09
Zinc,wet painted,17.2,1.641,Droppnäsa,0.188,high,49239,3.95,micro,4.0,3.86,2025-08-20
Aluminium,Powder coated,26.5,1.022,Ändprofil,0.066,medium,122767,3.42,small,8.0,2.56,2025-02-15
Titanium,hot-dip galvanized,36.8,1.372,Vinkellist,0.085,medium,83015,3.59,micro,,3.27,2025-02-15
Copper,blackening,28.2,1.476,Baslister,0.163,medium,76760,3.16,large,,3.38,2025-01-14
Iron,Powder coated,27.2,1.457,Glaskil,0.091,low,98876,3.0,medium,7.0,2.99,2025-03-26
Aluminium,plasma sprayed,18.2,1.209,Skruvkanal,0.144,medium,100522,3.7,medium,2.0,2.96,2025-11-15
Iron,electroplated,30.9,0.851,Innerbåge,0.062,high,44966,3.92,small,9.0,3.94,2025-11-24
Iron,electroplated,34.8,1.368,Clipsprofil,0.118,high,94419,3.59,medium,2.0,3.06,2025-01-03
Zinc,wet painted,24.5,1.068,Ytterram,0.161,medium,67621,3.36,micro,,3.54,2025-01-28
Zinc,blackening,33.7,1.247,Isolerprofil,0.153,medium,34079,2.8,micro,12.0,4.13,2025-06-06
Copper,anodized,38.0,1.709,Kantprofil,0.172,medium,45486,2.63,micro,6.0,3.93,2025-12-09
Titanium,hot-dip galvanized,20.4,1.201,U-profil,0.182,high,48759,3.26,micro,9.0,3.87,2025-11-29
Iron,phosphated,27.8,1.602,Avvattningsprofil,0.166,high,118546,2.63,small,10.0,2.64,2025-11-28
Aluminium,blackening,22.4,1.009,Droppnäsa,0.151,low,120055,3.46,medium,8.0,2.61,2025-06-24
Nickel,electroplated,34.1,1.45,Z-profil,0.055,low,37357,3.16,large,,4.07,2025-04-24
Iron,plasma sprayed,29.1,1.727,Distansprofil,0.13,low,92963,3.75,medium,12.0,3.09,2025-11-27
Iron,blackening,30.4,0.93,Karmprofil,0.056,high,51033,3.04,micro,4.0,3.83,2025-09-07
Copper,wet painted,34.2,0.845,Glasningslist,0.171,low,51457,3.49,large,6.0,3.82,2025-02-28
Titanium,wet painted,24.9,1.232,Isolerprofil,0.098,medium,67330,3.4,small,11.0,3.54,2025-07-22
Nickel,phosphated,36.9,0.922,Täckprofil,0.134,medium,51913,2.56,micro,9.0,3.82,2025-11-11
Zinc,plasma sprayed,28.1,1.519,Glasningslist,0.092,high,140912,2.67,micro,2.0,2.24,2025-08-27
Zinc,anodized,19.4,1.67,Hörnvinkel,0.167,low,147380,3.01,large,9.0,2.13,2025-08-22
Aluminium,blackening,31.8,1.233,Spröjsprofil,0.183,medium,115328,3.95,small,8.0,2.69,2025-10-30
Nickel,plasma sprayed,34.1,1.073,Kopplingsprofil,0.11,high,118582,2.78,large,2.0,2.64,2025-04-05
Zinc,anodized,23.1,1.233,Glaskil,0.179,low,37488,3.68,small,11.0,4.07,2025-05-21
Aluminium,plasma sprayed,35.6,1.496,Sidoprofil,0.09,medium,139406,4.1,micro,11.0,2.27,2025-11-30
Titanium,plasma sprayed,36.7,0.845,H-profil,0.13,low,160646,3.81,medium,7.0,1.89,2025-04-23
Aluminium,Powder coated,22.1,1.374,Fönsterbåge,0.179,high,61980,2.94,micro,2.0,3.64,2025-04-19
Zinc,wet painted,38.5,1.396,Doldbeslag,0.099,low,135661,3.99,medium,3.0,2.34,2025-12-28
Copper,blackening,19.0,1.418,Vinkellist,0.193,high,92419,2.7,medium,6.0,3.1,2025-12-11
Copper,plasma sprayed,20.4,1.058,Doldbeslag,0.068,low,134602,3.29,small,3.0,2.35,2025-10-16
Copper,blackening,20.0,1.488,Korsprofil,0.053,medium,106700,3.96,large,11.0,2.85,2025-04-07
Zinc,phosphated,36.4,0.92,Hakprofilslist,0.186,high,88018,3.57,small,2.0,3.18,2025-12-01
Copper,plasma sprayed,30.9,1.019,H-profil,0.06,high,68745,3.21,micro,7.0,3.52,2025-01-16
Nickel,electroplated,19.2,1.636,Ventilationslister,0.199,high,38096,3.02,large,9.0,4.06,2025-02-13
Titanium,wet painted,25.9,1.51,Täckprofil,0.193,low,79518,3.15,medium,9.0,3.33,2025-08-18
Aluminium,electroplated,30.0,0.85,Bottenlist,0.071,low,71431,3.36,medium,9.0,3.47,2025-04-18
Aluminium,blackening,17.7,1.063,Karmlist,0.131,medium,40423,3.06,micro,12.0,4.02,2025-08-05
Zinc,blackening,36.1,1.033,Glasningslist,0.078,high,40522,4.09,large,7.0,4.02,2025-09-17
Copper,wet painted,34.3,1.084,L-profil,0.114,high,56374,4.03,micro,12.0,3.74,2025-11-08
Copper,blackening,27.4,1.063,Tätningslist,0.059,low,144258,3.93,micro,4.0,2.18,2025-11-16
Iron,electroplated,38.1,0.894,Z-profil,0.084,low,148388,3.22,small,2.0,2.11,2025-07-15
Titanium,plasma sprayed,25.4,1.255,Clipsprofil,0.104,medium,62125,3.65,micro,3.0,3.64,2025-04-05
Nickel,plasma sprayed,38.5,1.505,Anslagslist,0.116,medium,69139,3.99,large,6.0,3.51,2025-02-25
Aluminium,Powder coated,31.2,1.39,Skenprofil,0.197,low,139412,3.9,micro,11.0,2.27,2025-02-01
Iron,phosphated,30.4,1.45,Stödprofil,0.171,high,159814,3.21,large,6.0,1.91,2025-08-19
Iron,blackening,19.6,0.911,Fönsterbleck,0.161,medium,100622,2.73,medium,,2.95,2025-01-09
Zinc,electroplated,36.1,1.704,Sidoprofil,0.131,low,88621,2.67,micro,2.0,3.17,2025-07-10
Aluminium,blackening,25.6,1.601,Z-profil,0.176,low,131474,3.47,large,2.0,2.41,2025-12-27
Zinc,blackening,19.5,1.57,Droppnäsa,0.101,high,134800,3.57,medium,10.0,2.35,2025-07-19
Nickel,anodized,16.0,1.587,Ventilationslister,0.156,low,142400,3.9,large,3.0,2.22,2025-11-30
Iron,Powder coated,28.7,1.687,Skenprofil,0.199,low,58288,3.02,medium,,3.7,2025-06-10
Iron,electroplated,27.9,1.333,J-profil,0.097,medium,67807,2.82,small,11.0,3.54,2025-03-28
Titanium,electroplated,32.4,1.02,Droppnäsa,0.151,low,131544,3.15,micro,5.0,2.41,2025-01-21
Nickel,blackening,36.3,1.399,Ytterram,0.177,low,130944,3.11,micro,8.0,2.42,2025-11-07
Iron,Powder coated,17.6,1.514,Rörprofil,0.187,medium,158088,2.76,medium,9.0,1.94,2025-03-17
Nickel,plasma sprayed,32.7,1.509,J-profil,0.158,high,127551,3.62,small,6.0,2.48,2025-05-21
Aluminium,electroplated,20.1,1.312,Kopplingsprofil,0.093,high,56106,3.36,large,2.0,3.74,2025-05-06
Copper,plasma sprayed,35.6,0.9,Anslagslist,0.099,medium,69201,3.7,small,5.0,3.51,2025-09-08
Iron,Powder coated,34.7,1.175,Ventilationslister,0.053,medium,49343,3.11,large,11.0,3.86,2025-03-25
Titanium,plasma sprayed,28.2,1.676,Karmprofil,0.164,high,108061,3.07,large,4.0,2.82,2025-02-17
Aluminium,wet painted,32.2,1.37,Glasningslist,0.056,high,42052,3.3,micro,11.0,3.99,2025-03-19
Nickel,anodized,23.0,1.328,Vinkellist,0.18,high,101293,3.95,medium,6.0,2.94,2025-01-30
Zinc,hot-dip galvanized,26.6,1.082,Ytterram,0.068,high,74916,2.61,micro,11.0,3.41,2025-10-12
Aluminium,electroplated,34.7,1.173,Karmlist,0.076,high,84427,3.83,micro,11.0,3.24,2025-05-16
Iron,phosphated,26.4,1.653,Karmlist,0.121,medium,107077,3.14,micro,7.0,2.84,2025-05-20
Nickel,anodized,24.0,1.444,Clipsprofil,0.161,low,32753,3.91,large,3.0,4.15,2025-02-10
Copper,hot-dip galvanized,27.2,1.554,Kantskydd,0.071,high,107732,3.83,micro,8.0,2.83,2025-10-09
Aluminium,plasma sprayed,34.9,1.251,Droppnäsa,0.116,high,155172,3.1,large,,1.99,2025-02-19
Iron,electroplated,23.5,1.411,Ramlist,0.122,low,119662,3.65,medium,2.0,2.62,2025-09-15
Titanium,plasma sprayed,19.7,1.063,Glashållare,0.082,low,43276,2.8,large,11.0,3.97,2025-11-07
Zinc,wet painted,32.2,1.48,Karmprofil,0.067,low,146476,3.98,large,4.0,2.14,2025-12-26
Nickel,Powder coated,34.8,1.227,Korsprofil,0.175,low,131422,3.19,small,10.0,2.41,2025-09-27
Aluminium,electroplated,18.1,1.24,Distansprofil,0.125,low,102704,3.27,micro,11.0,2.92,2025-05-14
Aluminium,hot-dip galvanized,21.3,1.429,Doldbeslag,0.052,low,114232,3.67,micro,12.0,2.71,2025-08-22
Copper,hot-dip galvanized,19.0,1.69,Kilspår,0.17,medium,129470,3.86,micro,12.0,2.44,2025-05-08
Copper,wet painted,23.8,0.896,Sidoprofil,0.197,low,110007,2.93,micro,7.0,2.79,2025-04-14
Titanium,wet painted,26.1,1.588,Ytterram,0.141,low,121947,3.6,small,,2.58,2025-09-11
Zinc,blackening,33.1,1.104,Glashållare,0.126,medium,65988,3.17,small,7.0,3.57,2025-04-05
Titanium,electroplated,30.8,1.242,Glashållare,0.182,low,119140,3.14,small,5.0,2.63,2025-12-03
Iron,plasma sprayed,30.1,0.857,T-profil,0.193,high,149406,3.65,small,9.0,2.09,2025-08-05
Iron,phosphated,23.9,1.111,Mittpost,0.163,high,140110,3.17,micro,6.0,2.26,2025-03-02
Titanium,hot-dip galvanized,35.2,1.295,Glashållare,0.117,low,137079,3.1,large,8.0,2.31,2025-09-25
